amigochiang,http://twitter.com/BinMUSIC_jpn/status/599911624242106368,https://youtu.be/Yg4kSD1likA
amigochiang,http://twitter.com/BinMUSIC_jpn/status/599911313632931840,https://youtu.be/-amFqGqM17w
amigochiang,http://twitter.com/ashin945/status/635546720655405056,https://www.youtube.com/watch?v=Fpb4HcUPlMM
amigochiang,http://twitter.com/ashin945/status/569507096724574209,https://www.facebook.com/video.php?v=850542425012346&set=vb.182099101856685&type=2&theater
amigochiang,http://twitter.com/ashin945/status/637855778741751808,https://www.facebook.com/ashin555/posts/936596469729371
amigochiang,http://twitter.com/norisuke0007/status/617654942812078080,https://vine.co/v/OvJzjBMKUTl
amigochiang,http://twitter.com/ashin945/status/611420581460770816,https://twitter.com/mayday_jp/status/611126617490898944
amigochiang,http://twitter.com/ashin945/status/609315966854377472,https://twitter.com/mayday_jp/status/609314406304911360
amigochiang,http://twitter.com/ashin945/status/605371279235936257,https://twitter.com/mayday_jp/status/605366988517416961
amigochiang,http://twitter.com/ashin945/status/611060680595083264,https://twitter.com/kkbox_jp/status/611035430134288385
amigochiang,http://twitter.com/daijutakato/status/632004843268214784,https://twitter.com/fp_kazuki/status/632004285870403584
amigochiang,http://twitter.com/BinMUSIC_jpn/status/599914383683162112,https://twitter.com/binmusic_jpn/status/599911437268430850
amigochiang,http://twitter.com/norisuke0007/status/617651123835420672,https://tw.celebrity.yahoo.com/photos/fun%e9%9f%b3%e6%a8%82-flumpool-%e5%8f%b0%e5%8c%97%e6%bc%94%e5%94%b1%e6%9c%83%e7%b2%be%e8%8f%af%e7%85%a7-slideshow/;_ylt=A2oKmJBEDplV_XoABUFxOSY5;_ylu=X3oDMTBycWJpM21vBGNvbG8Dc2czBHBvcwMxBHZ0aWQDBHNlYwNzcg--
amigochiang,http://twitter.com/ashin945/status/604646453970018304,https://m.youtube.com/watch?v=jVKlegbLCp8&feature=youtu.be
amigochiang,http://twitter.com/ShowAyanocozey/status/633499386086080512,https://instagram.com/p/6gwB1ukom5/
amigochiang,http://twitter.com/JYHeffect/status/599925913250299904,https://instagram.com/p/2yMlYqy9_L/
amigochiang,http://twitter.com/MentalShin/status/582157912564338688,https://instagram.com/p/0z8oePrmv0/
amigochiang,http://twitter.com/_sudalv/status/632019469045497856,http://www.sodagreen.com
amigochiang,http://twitter.com/_sudalv/status/641572913225801728,http://www.sodagreen.com
amigochiang,http://twitter.com/_sudalv/status/641581061366001664,http://www.sodagreen.com
amigochiang,http://twitter.com/_sudalv/status/641604348749967360,http://www.sodagreen.com
amigochiang,http://twitter.com/_sudalv/status/641634971149541376,http://www.sodagreen.com
amigochiang,http://twitter.com/norisuke0007/status/617481615481016320,http://www.sanspo.com/geino/news/20150705/geo15070505010010-n1.html
amigochiang,http://twitter.com/Mayday_JP/status/575211072002482176,http://www.oaff.jp/2015/ja/program/t01.html
amigochiang,http://twitter.com/Mayday_JP/status/609314406304911360,http://www.mayday.jp/news/
amigochiang,http://twitter.com/Mayday_JP/status/634923361877946368,http://www.mayday.jp/live/
amigochiang,http://twitter.com/Mayday_JP/status/582181421889892352,http://www.mayday.jp/justrockit/
amigochiang,http://twitter.com/ashin945/status/582797168282451968,http://www.mayday.jp/justrockit/
amigochiang,http://twitter.com/BinMUSIC_jpn/status/599422086726045698,http://www.mayday.jp/justrockit/
amigochiang,http://twitter.com/Mayday_JP/status/632771884812124161,http://www.mayday.jp/justrockit/
amigochiang,http://twitter.com/BinMUSIC_jpn/status/599422429912379392,http://www.jtbbwt.com/entertainmenttour/Mayday/jp/
amigochiang,http://twitter.com/ashin945/status/635447807034322944,http://www.facebook.com/imayday555/videos/920572061342715/
amigochiang,http://twitter.com/excite_music/status/618013207106433024,http://www.excite.co.jp/News/music/20150706/E1436174962740.html
amigochiang,http://twitter.com/_sudalv/status/641588175304028160,http://t.cn/zOY3093RT
amigochiang,http://twitter.com/_sudalv/status/642353402631077889,http://t.cn/RyGcv47
amigochiang,http://twitter.com/_sudalv/status/642353403826425856,http://t.cn/RyGcJDp
amigochiang,http://twitter.com/_sudalv/status/642353403348258817,http://t.cn/RyGcceo
amigochiang,http://twitter.com/_sudalv/status/642208818957565952,http://t.cn/RyboG7i
amigochiang,http://twitter.com/_sudalv/status/642208819922255872,http://t.cn/RybBvuw
amigochiang,http://twitter.com/_sudalv/status/641875529969364992,http://t.cn/Ryb2AI7
amigochiang,http://twitter.com/_sudalv/status/642208819452473344,http://t.cn/Ryb11dT
amigochiang,http://twitter.com/_sudalv/status/599500689316958208,http://t.cn/8k6bwo4
amigochiang,http://twitter.com/Mayday_JP/status/638253675819851776,http://natalie.mu/music/news/158548
amigochiang,http://twitter.com/BinMUSIC_jpn/status/599422508731740161,http://mayday.jp/sp/yourlegend/
amigochiang,http://twitter.com/ShowAyanocozey/status/632236999605272577,http://jp.istayreal.com
amigochiang,http://twitter.com/norisuke0007/status/617668620668112897,http://japan.cna.com.tw/news/aart/201507050005.aspx#.VZkgRtkZoXQ.twitter
amigochiang,http://twitter.com/focustaiwanjapa/status/600221795501744128,http://japan.cna.com.tw/news/aart/201505180005.aspx
amigochiang,http://twitter.com/BinMUSIC_jpn/status/600278559677022208,http://hichannel.hinet.net/radio/index.do?id=222
amigochiang,http://twitter.com/BinMUSIC_jpn/status/600278324842143744,http://hichannel.hinet.net/radio/index.do?id=205
amigochiang,http://twitter.com/GOLDENJYH/status/600300856672530433,http://HelloJYH.com
amigochiang,http://twitter.com/amuse_official/status/638252917967839232,http://fb.me/1UimczOkN
amigochiang,http://twitter.com/Mayday_JP/status/622645522914869248,http://event.kkbox.com/mayday.jp
amigochiang,http://twitter.com/KKBOX_JP/status/637844932728782849,http://event.kkbox.com/mayday.jp
amigochiang,http://twitter.com/Mayday_JP/status/638914886471282688,http://blog.taiwannews.jp/?p=27850
amigochiang,http://twitter.com/MeRadioSG/status/618026686613852160,http://bit.ly/1ewKyXo
axiang_ai_ashin,http://twitter.com/wlcardster/status/641776536362704900,https://youtu.be/Zg-wAM5BDFM
axiang_ai_ashin,http://twitter.com/wlcardster/status/641198278470569984,https://youtu.be/w3wqT1DVxVs?t=3m35s
axiang_ai_ashin,http://twitter.com/ppinkime/status/641655436500819968,https://youtu.be/sWWgTu_tPXg
axiang_ai_ashin,http://twitter.com/wlcardster/status/641540228159684608,https://youtu.be/RUdneQzSTFc
axiang_ai_ashin,http://twitter.com/wlcardster/status/641783765455343616,https://youtu.be/PiwcbISc_cw
axiang_ai_ashin,http://twitter.com/wlcardster/status/642259846725632000,https://youtu.be/MOIQW5ffQLw
axiang_ai_ashin,http://twitter.com/wlcardster/status/641810363508387840,https://youtu.be/JtzH3HPkb7A
axiang_ai_ashin,http://twitter.com/wlcardster/status/641782387865554944,https://youtu.be/4h6zy6oCmgM
axiang_ai_ashin,http://twitter.com/wlcardster/status/641807171533967360,https://youtu.be/1j2V8AlYMp0
axiang_ai_ashin,http://twitter.com/wlcardster/status/641806531873271808,https://www.ptt.cc/bbs/MayDay/M.1354710316.A.163.html
axiang_ai_ashin,http://twitter.com/shang531/status/642749922991669248,https://www.kkbox.com/tw/star_schedule/star.php?sno=4966&lang=tc
axiang_ai_ashin,http://twitter.com/tsuhonkyo/status/641450262050148352,https://twitter.com/yinghuamei2/status/641438869783642113
axiang_ai_ashin,http://twitter.com/Megumi_Ogata/status/643056129740705794,https://twitter.com/SasoriI4567/status/643054471812005889
axiang_ai_ashin,http://twitter.com/skgglt/status/641077675633733632,https://twitter.com/riesean0114/status/641071079935467520
axiang_ai_ashin,http://twitter.com/fluxflat/status/642620415878131712,https://twitter.com/nanpuso/status/642245619021549568
axiang_ai_ashin,http://twitter.com/kumako_natsu/status/641432086109224960,https://twitter.com/hamuketu_sebun/status/641430926220652544
axiang_ai_ashin,http://twitter.com/Yahoo_weather/status/641875164121042944,https://support.twitter.com/articles/20170080#
axiang_ai_ashin,http://twitter.com/wlcardster/status/643047820878983172,https://m.facebook.com/ashin555/posts/944307682291583
axiang_ai_ashin,http://twitter.com/Taiwan_Jasmine/status/641372637680132096,https://m.facebook.com/94crazy
axiang_ai_ashin,http://twitter.com/googlejapan/status/641884132407013376,https://g.co/saigai
axiang_ai_ashin,http://twitter.com/YahooSearchJP/status/641808214871281664,http://yahoo.jp/Rd1wGp
axiang_ai_ashin,http://twitter.com/wlcardster/status/641819483024154624,http://www.tudou.com/programs/view/v_xONW8rYxk/
axiang_ai_ashin,http://twitter.com/wlcardster/status/641815449882071040,http://www.tudou.com/programs/view/q0-WzqYrvkw/
axiang_ai_ashin,http://twitter.com/wlcardster/status/641809728071299073,http://www.tudou.com/programs/view/duyqHbyxV_o/
axiang_ai_ashin,http://twitter.com/wlcardster/status/641807749764919297,http://www.tudou.com/programs/view/aAoEjcL4BH4/
axiang_ai_ashin,http://twitter.com/ParcManther_3/status/641335257900445698,http://www.tbs.co.jp/gakkou2015/
axiang_ai_ashin,http://twitter.com/gunmachan_cal/status/641566497312079873,http://www.kabura-drivingschool.co.jp/fes2015.pdf
axiang_ai_ashin,http://twitter.com/daisukeasakura/status/642124995074781184,http://www.fnn-news.com/bousai/flood/
axiang_ai_ashin,http://twitter.com/fashionpressnet/status/641882588420812800,http://www.fashion-press.net/news/18976
axiang_ai_ashin,http://twitter.com/excite_music/status/641509529457291264,http://www.excite.co.jp/News/emusic/20150909/E1441779190793.html
axiang_ai_ashin,http://twitter.com/excite_music/status/641512067132882944,http://www.excite.co.jp/News/emusic/20150909/E1441779190793.html
axiang_ai_ashin,http://twitter.com/Mayday_JP/status/641548496605024256,http://www.excite.co.jp/News/emusic/20150909/E1441779190793.html
axiang_ai_ashin,http://twitter.com/barks_news/status/641161283098669056,http://www.barks.jp/news/?id=1000119532#utm_source=tw_BARKS_NEWS&utm_medium=social&utm_campaign=tw_auto
axiang_ai_ashin,http://twitter.com/Mayday_JP/status/641440439128625152,http://www.barks.jp/news/?id=1000119532
axiang_ai_ashin,http://twitter.com/OKqing/status/641912661567901696,http://vvstore.jp/feature/detail/6435/
axiang_ai_ashin,http://twitter.com/Mayday_JP/status/641905905529810945,http://music.emtg.jp/liveReport/20150906282c2073f
axiang_ai_ashin,http://twitter.com/STAYREAL_Tokyo/status/641816946699202560,http://jp.istayreal.com/news/1018
axiang_ai_ashin,http://twitter.com/mucho/status/641834180540805120,http://ift.tt/1EX1WRj
axiang_ai_ashin,http://twitter.com/shang531/status/642753218146004992,http://hk.yohogirls.com/news/mobile-2936-303004-0.html
axiang_ai_ashin,http://twitter.com/MA_EMMY/status/642294297023266816,http://headlines.yahoo.co.jp/hl?a=20150911-00000039-mnet-musi
axiang_ai_ashin,http://twitter.com/arukutaipei/status/641383004821192704,http://fb.me/6RV3PWm9L
axiang_ai_ashin,http://twitter.com/okiraku_tw/status/641105927144235010,http://bit.ly/1PYo9yY
axiang_ai_ashin,http://twitter.com/okiraku_tw/status/641598638251118592,http://bit.ly/1K9488T
axiang_ai_ashin,http://twitter.com/music_emtg/status/641899523615256577,http://bit.ly/1gbcMaG
axiang_ai_ashin,http://twitter.com/sanbunmanoi/status/643079478986432513,http://ameblo.jp/sanbunmanoi/entry-12072837625.html
axiang_ai_ashin,http://twitter.com/otemousagi/status/642672998755926016,http://ameblo.jp/hasshihappy555/entry-12072222315.html
axiang_ai_ashin,http://twitter.com/okiraku_tw/status/642683982484639744,http://a.r10.to/h1DmGZ
c99a6d1a8ce645f,http://twitter.com/Mayday_JP/status/605275950377369600,https://youtu.be/NSn4aW0z6_A
c99a6d1a8ce647f,http://twitter.com/musicman_net/status/605301140222132225,http://www.musicman-net.com/artist/47321.html
c99a6d1a8ce648f,http://twitter.com/Skyrocket_Co/status/605306212754669569,http://tfm.co.jp/sky/
c99a6d1a8ce649f,http://twitter.com/Skyrocket_Co/status/605307121496752128,http://tfm.co.jp/sky/
c99a6d1a8ce651f,http://twitter.com/Skyrocket_Co/status/605336188442931201,http://tfm.co.jp/sky/index_pc.php?catid=1724
c99a6d1a8ce652f,http://twitter.com/KKBOX_JP/status/605340254757916673,http://www.kkbox.com/jp/ja/column/showbiz-212-839-1.html
c99a6d1a8ce654f,http://twitter.com/ashin945/status/605371279235936257,https://twitter.com/mayday_jp/status/605366988517416961
c99a6d1a8ce657f,http://twitter.com/BinMUSIC_jpn/status/605425956585537536,https://instagram.com/p/3ZKppbjgtF/
c99a6d1a8ce658f,http://twitter.com/BinMUSIC_jpn/status/605484635745714176,http://youtu.be/Xc0lshmNY6I
c99a6d1a8ce660f,http://twitter.com/JJ_Lin/status/605486894089039873,http://fb.me/51jnunXOx
c99a6d1a8ce661f,http://twitter.com/BinMUSIC_jpn/status/605498297868910592,https://www.youtube.com/user/jjlin
c99a6d1a8ce662f,http://twitter.com/BinMUSIC_jpn/status/605527243041824768,http://mayday.jp/sp/yourlegend/
c99a6d1a8ce663f,http://twitter.com/yukie428/status/605536525984628736,https://instagram.com/p/3aD_rzRDvn/
c99a6d1a8ce665f,http://twitter.com/JJ_Lin/status/605640713443913728,http://fb.me/2GNIteFr1
c99a6d1a8ce666f,http://twitter.com/CosmosPeople/status/605641045376798720,https://youtu.be/rHeICF7nAZE
c99a6d1a8ce667f,http://twitter.com/KKBOX_JP/status/605686773260230658,http://j.mp/WEAVERKK
c99a6d1a8ce668f,http://twitter.com/KKBOX_JP/status/605714434053406722,http://j.mp/suginowplay
c99a6d1a8ce670f,http://twitter.com/JJ_Lin/status/605948518080069632,http://fb.me/3pMCQXHbJ
c99a6d1a8ce671f,http://twitter.com/focustaiwanjapa/status/605979144166309888,http://japan.cna.com.tw/news/aart/201506030006.aspx
c99a6d1a8ce673f,http://twitter.com/mpmagicpower06/status/606093820531339264,https://www.weezevent.com/taiwan-beats-paris
c99a6d1a8ce678f,http://twitter.com/BinMUSIC_jpn/status/606381594807369728,http://amba.to/1FVtSCr
c99a6d1a8ce684f,http://twitter.com/Flumpool_4649/status/608214716226207744,http://youtu.be/2ssjTFwjzgw
c99a6d1a8ce685f,http://twitter.com/BinMUSIC_jpn/status/608226890931781632,https://youtu.be/wlxffEX8WNI
c99a6d1a8ce686f,http://twitter.com/BinMUSIC_jpn/status/608227670959079424,https://youtu.be/0QTV0RAfHho
c99a6d1a8ce687f,http://twitter.com/BinMUSIC_jpn/status/608228710190219264,https://youtu.be/QQISa7Jyfu0
c99a6d1a8ce688f,http://twitter.com/Flumpool_4649/status/608229803083169793,http://youtu.be/urDqMZ3zHoY
c99a6d1a8ce689f,http://twitter.com/BinMUSIC_jpn/status/608232626604761088,https://youtu.be/q2dTqFQeJF8
c99a6d1a8ce691f,http://twitter.com/Mayday_JP/status/608469508420972544,http://www.mayday.jp/news/
c99a6d1a8ce692f,http://twitter.com/Mayday_JP/status/608469683075969024,http://www.mayday.jp/news/
c99a6d1a8ce693f,http://twitter.com/Mayday_JP/status/608605123917414400,https://www.facebook.com/imayday555/videos/920572061342715/
c99a6d1a8ce694f,http://twitter.com/ashin945/status/608606307831054337,https://www.facebook.com/imayday555/videos/920572061342715/
c99a6d1a8ce695f,http://twitter.com/Mayday_EN/status/608612942481768449,https://twitter.com/Mayday_JP/status/608605123917414400
c99a6d1a8ce696f,http://twitter.com/STAYREAL_Tokyo/status/608829218399477760,https://twitter.com/kaorinbzlove/status/608815917573656578
c99a6d1a8ce698f,http://twitter.com/BinMUSIC_jpn/status/608984182212022272,https://youtu.be/uXEiWgnzSKU
c99a6d1a8ce699f,http://twitter.com/CosmosPeople/status/609003493030912001,https://www.youtube.com/watch?v=uXEiWgnzSKU&feature=youtu.be
c99a6d1a8ce700f,http://twitter.com/BinMUSIC_jpn/status/609209512705167360,https://youtu.be/ETq8WwWIjbo
c99a6d1a8ce701f,http://twitter.com/Mayday_JP/status/609314406304911360,http://www.mayday.jp/news/
c99a6d1a8ce702f,http://twitter.com/ashin945/status/609315966854377472,https://twitter.com/mayday_jp/status/609314406304911360
c99a6d1a8ce705f,http://twitter.com/BinMUSIC_jpn/status/609576305382719488,https://youtu.be/GxHIGioBZ10
c99a6d1a8ce707f,http://twitter.com/Mayday_JP/status/610414130013405184,http://www.barks.jp/news/?id=1000116654
c99a6d1a8ce709f,http://twitter.com/ashin945/status/611060680595083264,https://twitter.com/kkbox_jp/status/611035430134288385
c99a6d1a8ce710f,http://twitter.com/Mayday_JP/status/611126617490898944,http://www.kkbox.com/jp/ja/column/interviews-218-37-1.html
c99a6d1a8ce712f,http://twitter.com/ashin945/status/611420581460770816,https://twitter.com/mayday_jp/status/611126617490898944
c99a6d1a8ce715f,http://twitter.com/BinMUSIC_jpn/status/611745769985433600,http://youtu.be/AHeHF9Bz458
c99a6d1a8ce716f,http://twitter.com/AShinOfficial/status/611878442431197184,https://youtu.be/xy-BqLWpoQM
c99a6d1a8ce718f,http://twitter.com/Mayday_JP/status/612640289379848192,http://m.mantan-web.jp/article/20150620dog00m200028000c.html
c99a6d1a8ce719f,http://twitter.com/AShinOfficial/status/615002595547975680,https://youtu.be/6n8AitBL7xc
c99a6d1a8ce720f,http://twitter.com/JJ_Lin/status/616160401097654272,http://fb.me/7irPX5tzg
c99a6d1a8ce721f,http://twitter.com/AShinOfficial/status/616654756535087104,https://youtu.be/3Q__2oA69PM
c99a6d1a8ce723f,http://twitter.com/AShinOfficial/status/618809234113740800,https://youtu.be/45mI3RaNOow
c99a6d1a8ce727f,http://twitter.com/AShinOfficial/status/622421526541787136,https://youtu.be/eZxkpvoJI2Q
c99a6d1a8ce730f,http://twitter.com/jp_magicpower/status/625665656365518848,http://p.twipple.jp/Um9xT
c99a6d1a8ce731f,http://twitter.com/jp_magicpower/status/625666049711538176,http://p.twipple.jp/VlOcE
c99a6d1a8ce732f,http://twitter.com/jp_magicpower/status/625666534506000384,http://p.twipple.jp/Sonp1
c99a6d1a8ce733f,http://twitter.com/AShinOfficial/status/627650829994954752,https://www.facebook.com/somekidding
c99a6d1a8ce735f,http://twitter.com/AShinOfficial/status/630025004973862912,https://youtu.be/X1w3JU5dIAg
c99a6d1a8ce740f,http://twitter.com/AShinOfficial/status/634377711444627456,https://youtu.be/IBT0_3QUy98
c99a6d1a8ce741f,http://twitter.com/ashin945/status/635447807034322944,http://www.facebook.com/imayday555/videos/920572061342715/
c99a6d1a8ce742f,http://twitter.com/ashin945/status/635546720655405056,https://www.youtube.com/watch?v=Fpb4HcUPlMM
c99a6d1a8ce744f,http://twitter.com/BombHsueh/status/639830016423890944,http://www.epiphone.com/News/Features/2015/The-Epiphone-Interview-Monster.aspx
ChanJudy0111,http://twitter.com/AShinOfficial/status/372649784382730240,http://youtu.be/GtDRcXtDg-4?hd=1
ChanJudy0112,http://twitter.com/ashin945/status/372381722542739456,http://goo.gl/1HJW2
ChanJudy0116,http://twitter.com/AShinOfficial/status/371209365274898432,http://youtu.be/ETJ84sUokvYhd=1
ChanJudy0117,http://twitter.com/AShinOfficial/status/371207897876660224,http://youtu.be/ir9ZyTXbNIshd=1
ChanJudy0120,http://twitter.com/AShinOfficial/status/370125832057913344,http://youtu.be/rf0mP1d_ARY?hd=1
ChanJudy0122,http://twitter.com/AShinOfficial/status/369499193372471296,http://youtu.be/ir9ZyTXbNIs
ChanJudy0124,http://twitter.com/excite_music/status/368326930862325762,http://www.excite.co.jp/News/music/20130816/E1376649550742.html
ChanJudy0125,http://twitter.com/barks_news/status/368326589068476416,http://www.barks.jp/news/?id=1000093420
ChanJudy0126,http://twitter.com/AShinOfficial/status/368659067251609600,http://m.youtube.com/watch?v=SKLOlkeRUqg&feature=youtu.be&hd=1&desktop_uri=%2Fwatch%3Fv%3DSKLOlkeRUqg%26feature%3Dyoutu.be%26hd%3D1
ChanJudy0128,http://twitter.com/AShinOfficial/status/368414026180476928,http://youtu.be/ITIpmqFQ2IY
ChanJudy0129,http://twitter.com/ashin945/status/368304242945040386,http://goo.gl/hwuFJE
ChanJudy0130,http://twitter.com/AShinOfficial/status/368286490477883393,http://youtu.be/xWTiOqJqkk0?hd=1
ChanJudy0132,http://twitter.com/ashin945/status/367671483604017152,http://goo.gl/3oeqwh
ChanJudy0134,http://twitter.com/mikiki_tokyo_jp/status/357216295650983936,http://tower.jp/article/news/2013/07/17/n01/?kid=psmtwmde
ChanJudy0135,http://twitter.com/oshin_movie/status/357702092430913537,http://special.movies.yahoo.co.jp/detail/20130718220353/
ChanJudy0137,http://twitter.com/ashin945/status/366948858829344768,http://goo.gl/3Vrnsl
ChanJudy0140,http://twitter.com/enjoy_china/status/365301724820410368,http://amba.to/194mwvw
ChanJudy0141,http://twitter.com/enjoy_china/status/359860983012933632,http://amba.to/166HwPC
ChanJudy0142,http://twitter.com/ashin945/status/366327069703012352,http://goo.gl/PNYAV
ChanJudy0144,http://twitter.com/AShinOfficial/status/365863652613566464,http://youtu.be/SKLOlkeRUqg?hd=1
ChanJudy0145,http://twitter.com/ashin945/status/365859039831281664,http://goo.gl/hwuFJE
ChanJudy0154,http://twitter.com/ashin945/status/364219866246414336,http://t.cn/zQAAepn
ChanJudy0155,http://twitter.com/ashin945/status/364218782224367616,http://t.cn/zQAAepn
ChanJudy0167,http://twitter.com/ashin945/status/609315966854377472,https://twitter.com/mayday_jp/status/609314406304911360
ChanJudy0168,http://twitter.com/Mayday_JP/status/609314406304911360,http://www.mayday.jp/news/
ChanJudy0170,http://twitter.com/ashin945/status/608606307831054337,https://www.facebook.com/imayday555/videos/920572061342715/
ChanJudy0171,http://twitter.com/Mayday_JP/status/608605123917414400,https://www.facebook.com/imayday555/videos/920572061342715/
ChanJudy0172,http://twitter.com/Mayday_JP/status/608469683075969024,http://www.mayday.jp/news/
ChanJudy0173,http://twitter.com/Mayday_JP/status/608469508420972544,http://www.mayday.jp/news/
ChanJudy0181,http://twitter.com/ashin945/status/605371279235936257,https://twitter.com/mayday_jp/status/605366988517416961
ChanJudy0183,http://twitter.com/Mayday_JP/status/605275950377369600,https://youtu.be/NSn4aW0z6_A
ChanJudy0184,http://twitter.com/ashin945/status/605237244400566272,https://twitter.com/mayday_jp/status/604981725572132865
ChanJudy0186,http://twitter.com/Mayday_JP/status/604977809635745792,http://goo.gl/VPVdwb
ChanJudy0188,http://twitter.com/ashin945/status/604963668825010176,https://twitter.com/mayday_jp/status/604925244005068802
ChanJudy0190,http://twitter.com/ashin945/status/604646453970018304,https://m.youtube.com/watch?v=jVKlegbLCp8&feature=youtu.be
ChanJudy0191,http://twitter.com/Mayday_JP/status/610414130013405184,http://www.barks.jp/news/?id=1000116654
ChanJudy0193,http://twitter.com/ashin945/status/611060680595083264,https://twitter.com/kkbox_jp/status/611035430134288385
ChanJudy0194,http://twitter.com/Mayday_JP/status/611126617490898944,http://www.kkbox.com/jp/ja/column/interviews-218-37-1.html
ChanJudy0196,http://twitter.com/ashin945/status/611420581460770816,https://twitter.com/mayday_jp/status/611126617490898944
ChanJudy0198,http://twitter.com/AShinOfficial/status/611878442431197184,https://youtu.be/xy-BqLWpoQM
ChanJudy0201,http://twitter.com/Mayday_JP/status/612047886377861121,http://rocketnews24.com/2015/06/19/597770/
ChanJudy0203,http://twitter.com/Mayday_JP/status/612640289379848192,http://m.mantan-web.jp/article/20150620dog00m200028000c.html
ChanJudy0204,http://twitter.com/ashin945/status/635447807034322944,http://www.facebook.com/imayday555/videos/920572061342715/
ChanJudy0205,http://twitter.com/Mayday_JP/status/634923361877946368,http://www.mayday.jp/live/
ChanJudy0207,http://twitter.com/Mayday_JP/status/622645522914869248,http://event.kkbox.com/mayday.jp
ChanJudy0209,http://twitter.com/ashin945/status/637855778741751808,https://www.facebook.com/ashin555/posts/936596469729371
ChinHsiao,http://twitter.com/ashin945/status/545231473603657728,https://www.youtube.com/watch?v=P4qYWbZJpSo
ChinHsiao,http://twitter.com/ashin945/status/493790936309055488,https://www.youtube.com/watch?v=hEgc1mS0_Ms&feature=youtu.be&hd=1
ChinHsiao,http://twitter.com/ashin945/status/505391215085244418,https://www.youtube.com/watch?v=8NqcGRW7o6o
ChinHsiao,http://twitter.com/AShinOfficial/status/572771165183201280,https://www.facebook.com/notes/%E7%9B%B8%E4%BF%A1%E9%9F%B3%E6%A8%82%E5%9C%8B%E9%9A%9B%E8%82%A1%E4%BB%BD%E6%9C%89%E9%99%90%E5%85%AC%E5%8F%B8/328-100-mayday%E4%BA%94%E6%9C%88%E5%A4%A9just-rock-it%E6%BC%94%E5%94%B1%E6%9C%83%E5%A4%A7%E8%A5%BF%E6%B4%8B%E5%9F%8E%E6%BF%B1%E6%B5%B7%E5%A4%A7%E9%81%93%E6%9C%83%E8%AD%B0%E4%B8%AD%E5%BF%83217-iemshowplace%E7%B6%B2%E7%AB%99%E9%96%80%E7%A5%A8%E9%96%8B%E8%B3%A3213-2100%E6%96%B0%E5%A2%9E%E6%BC%94%E5%94%B1%E6%9C%83%E7%A5%A8/1349282435134855
ChinHsiao,http://twitter.com/ashin945/status/608606307831054337,https://www.facebook.com/imayday555/videos/920572061342715/
ChinHsiao,http://twitter.com/AShinOfficial/status/602478141546729473,https://m.youtube.com/watch?v=qX2GsMj7154
ChinHsiao,http://twitter.com/AShinOfficial/status/508069324578238464,http://youtu.be/xz6dKOUlcB8
ChinHsiao,http://twitter.com/ashin945/status/478521199069122561,http://youtu.be/UcKtBSlfpRU?hd=1
ChinHsiao,http://twitter.com/AShinOfficial/status/479288101890576385,http://youtu.be/tSiDpPu3Uhs?hd=1
ChinHsiao,http://twitter.com/AShinOfficial/status/545236403592777728,http://youtu.be/tSiDpPu3Uhs
ChinHsiao,http://twitter.com/AShinOfficial/status/498524838974087168,http://youtu.be/SstOzs4y6Eg?hd=1
ChinHsiao,http://twitter.com/AShinOfficial/status/540761819707490304,http://youtu.be/RTUwaCImChM
ChinHsiao,http://twitter.com/stay_mayday/status/501731541597188096,http://youtu.be/KFuVKDwtwf0
ChinHsiao,http://twitter.com/AShinOfficial/status/494339286058033152,http://youtu.be/hEgc1mS0_Ms?hd=1
ChinHsiao,http://twitter.com/ashin945/status/488366214041710595,http://youtu.be/gyxCMs8MHjQ?hd=1
ChinHsiao,http://twitter.com/ashin945/status/534692970067288064,http://youtu.be/83I_5lq5MwI
ChinHsiao,http://twitter.com/AShinOfficial/status/535268188229877760,http://youtu.be/83I_5lq5MwI
ChinHsiao,http://twitter.com/AShinOfficial/status/538150063864680448,http://youtu.be/83I_5lq5MwI
ChinHsiao,http://twitter.com/AShinOfficial/status/539972635480698881,http://youtu.be/83I_5lq5MwI
ChinHsiao,http://twitter.com/AShinOfficial/status/554334445306531841,http://youtu.be/_XYcCNY-ass
ChinHsiao,http://twitter.com/ashin945/status/559722687191199744,http://youtu.be/_XYcCNY-ass
ChinHsiao,http://twitter.com/takaratomytoys/status/499784614475333634,http://www.ntv.co.jp/TFE/themesong/index.html
ChinHsiao,http://twitter.com/AShinOfficial/status/548075290254012416,http://www.fb.com/ashin555
ChinHsiao,http://twitter.com/ashin945/status/483986856422285312,http://www.facebook.com/photo.php?v=291734830847690
ChinHsiao,http://twitter.com/AShinOfficial/status/485475262092439553,http://www.facebook.com/iSTAYREAL
ChinHsiao,http://twitter.com/BinMUSIC_jpn/status/478007889718550528,http://www.bin-music.com/tw/news883.html
ChinHsiao,http://twitter.com/barks_news/status/500280436761698307,http://www.barks.jp/news/?id=1000106771#utm_source=tw_BARKS_NEWS&utm_medium=social&utm_campaign=tw_auto
ChinHsiao,http://twitter.com/ashin945/status/523521438330802176,http://t.cn/zjFY9a5
ChinHsiao,http://twitter.com/AShinOfficial/status/481656999919120385,http://t.cn/RvTiMXp
ChinHsiao,http://twitter.com/AShinOfficial/status/497424232658124800,http://socbu.kcg.gov.tw/?prog=3&b_id=1
ChinHsiao,http://twitter.com/AShinOfficial/status/505410322501365763,http://goo.gl/9MZOX2
ChinHsiao,http://twitter.com/AShinOfficial/status/500660020912984065,http://goo.gl/6m6MoF
ChinHsiao,http://twitter.com/JJ_Lin/status/481073918414192641,http://fb.me/6xWmQ6mEt
elaine_lin101,http://twitter.com/Mayday_JP/status/603893728730841088,https://youtu.be/5OA0A21zyLY
elaine_lin104,http://twitter.com/ashin945/status/604541892970188800,https://twitter.com/mayday_jp/status/604234140095893504
elaine_lin105,http://twitter.com/ashin945/status/604646453970018304,https://m.youtube.com/watch?v=jVKlegbLCp8&feature=youtu.be
elaine_lin106,http://twitter.com/ashin945/status/604963668825010176,https://twitter.com/mayday_jp/status/604925244005068802
elaine_lin107,http://twitter.com/ashin945/status/605237244400566272,https://twitter.com/mayday_jp/status/604981725572132865
elaine_lin108,http://twitter.com/Mayday_JP/status/605275950377369600,https://youtu.be/NSn4aW0z6_A
elaine_lin110,http://twitter.com/ashin945/status/605371279235936257,https://twitter.com/mayday_jp/status/605366988517416961
elaine_lin117,http://twitter.com/Mayday_JP/status/608469508420972544,http://www.mayday.jp/news/
elaine_lin118,http://twitter.com/Mayday_JP/status/608469683075969024,http://www.mayday.jp/news/
elaine_lin119,http://twitter.com/Mayday_JP/status/608605123917414400,https://www.facebook.com/imayday555/videos/920572061342715/
elaine_lin120,http://twitter.com/ashin945/status/608606307831054337,https://www.facebook.com/imayday555/videos/920572061342715/
elaine_lin122,http://twitter.com/Mayday_JP/status/609314406304911360,http://www.mayday.jp/news/
elaine_lin123,http://twitter.com/ashin945/status/609315966854377472,https://twitter.com/mayday_jp/status/609314406304911360
elaine_lin126,http://twitter.com/ashin945/status/611060680595083264,https://twitter.com/kkbox_jp/status/611035430134288385
elaine_lin127,http://twitter.com/ashin945/status/611420581460770816,https://twitter.com/mayday_jp/status/611126617490898944
elaine_lin128,http://twitter.com/AShinOfficial/status/611878442431197184,https://youtu.be/xy-BqLWpoQM
elaine_lin131,http://twitter.com/Mayday_JP/status/612047886377861121,http://rocketnews24.com/2015/06/19/597770/
elaine_lin133,http://twitter.com/Mayday_JP/status/612640289379848192,http://m.mantan-web.jp/article/20150620dog00m200028000c.html
elaine_lin134,http://twitter.com/AShinOfficial/status/615002595547975680,https://youtu.be/6n8AitBL7xc
elaine_lin135,http://twitter.com/AShinOfficial/status/616654756535087104,https://youtu.be/3Q__2oA69PM
elaine_lin67,http://twitter.com/ashin945/status/545231473603657728,https://www.youtube.com/watch?v=P4qYWbZJpSo
elaine_lin68,http://twitter.com/AShinOfficial/status/548075290254012416,http://www.fb.com/ashin555
elaine_lin71,http://twitter.com/AShinOfficial/status/554334445306531841,http://youtu.be/_XYcCNY-ass
elaine_lin72,http://twitter.com/ashin945/status/559722687191199744,http://youtu.be/_XYcCNY-ass
elaine_lin80,http://twitter.com/AShinOfficial/status/567701500156076033,http://youtu.be/nlvTrcdwDLw
elaine_lin84,http://twitter.com/ashin945/status/569507096724574209,https://www.facebook.com/video.php?v=850542425012346&set=vb.182099101856685&type=2&theater
elaine_lin93,http://twitter.com/Mayday_JP/status/582181421889892352,http://www.mayday.jp/justrockit/
elaine_lin94,http://twitter.com/ashin945/status/582797168282451968,http://www.mayday.jp/justrockit/
elaine_lin95,http://twitter.com/Mayday_JP/status/591799059590971392,http://www.mayday.jp/sp/yourlegend/
elaine_lin98,http://twitter.com/AShinOfficial/status/602478141546729473,https://m.youtube.com/watch?v=qX2GsMj7154
Elsashark,http://twitter.com/AShinOfficial/status/611878442431197184,https://youtu.be/xy-BqLWpoQM
Elsashark,http://twitter.com/AShinOfficial/status/630025004973862912,https://youtu.be/X1w3JU5dIAg
Elsashark,http://twitter.com/AShinOfficial/status/634377711444627456,https://youtu.be/IBT0_3QUy98
Elsashark,http://twitter.com/AShinOfficial/status/622421526541787136,https://youtu.be/eZxkpvoJI2Q
Elsashark,http://twitter.com/AShinOfficial/status/615002595547975680,https://youtu.be/6n8AitBL7xc
Elsashark,http://twitter.com/AShinOfficial/status/618809234113740800,https://youtu.be/45mI3RaNOow
Elsashark,http://twitter.com/AShinOfficial/status/616654756535087104,https://youtu.be/3Q__2oA69PM
Elsashark,http://twitter.com/ashin945/status/545231473603657728,https://www.youtube.com/watch?v=P4qYWbZJpSo
Elsashark,http://twitter.com/ashin945/status/635546720655405056,https://www.youtube.com/watch?v=Fpb4HcUPlMM
Elsashark,http://twitter.com/ashin945/status/569507096724574209,https://www.facebook.com/video.php?v=850542425012346&set=vb.182099101856685&type=2&theater
Elsashark,http://twitter.com/AShinOfficial/status/627650829994954752,https://www.facebook.com/somekidding
Elsashark,http://twitter.com/AShinOfficial/status/572771165183201280,https://www.facebook.com/notes/%E7%9B%B8%E4%BF%A1%E9%9F%B3%E6%A8%82%E5%9C%8B%E9%9A%9B%E8%82%A1%E4%BB%BD%E6%9C%89%E9%99%90%E5%85%AC%E5%8F%B8/328-100-mayday%E4%BA%94%E6%9C%88%E5%A4%A9just-rock-it%E6%BC%94%E5%94%B1%E6%9C%83%E5%A4%A7%E8%A5%BF%E6%B4%8B%E5%9F%8E%E6%BF%B1%E6%B5%B7%E5%A4%A7%E9%81%93%E6%9C%83%E8%AD%B0%E4%B8%AD%E5%BF%83217-iemshowplace%E7%B6%B2%E7%AB%99%E9%96%80%E7%A5%A8%E9%96%8B%E8%B3%A3213-2100%E6%96%B0%E5%A2%9E%E6%BC%94%E5%94%B1%E6%9C%83%E7%A5%A8/1349282435134855
Elsashark,http://twitter.com/ashin945/status/608606307831054337,https://www.facebook.com/imayday555/videos/920572061342715/
Elsashark,http://twitter.com/ashin945/status/637855778741751808,https://www.facebook.com/ashin555/posts/936596469729371
Elsashark,http://twitter.com/ashin945/status/611420581460770816,https://twitter.com/mayday_jp/status/611126617490898944
Elsashark,http://twitter.com/ashin945/status/609315966854377472,https://twitter.com/mayday_jp/status/609314406304911360
Elsashark,http://twitter.com/ashin945/status/605371279235936257,https://twitter.com/mayday_jp/status/605366988517416961
Elsashark,http://twitter.com/ashin945/status/605237244400566272,https://twitter.com/mayday_jp/status/604981725572132865
Elsashark,http://twitter.com/ashin945/status/604963668825010176,https://twitter.com/mayday_jp/status/604925244005068802
Elsashark,http://twitter.com/ashin945/status/604541892970188800,https://twitter.com/mayday_jp/status/604234140095893504
Elsashark,http://twitter.com/ashin945/status/611060680595083264,https://twitter.com/kkbox_jp/status/611035430134288385
Elsashark,http://twitter.com/AShinOfficial/status/602478141546729473,https://m.youtube.com/watch?v=qX2GsMj7154
Elsashark,http://twitter.com/ashin945/status/604646453970018304,https://m.youtube.com/watch?v=jVKlegbLCp8&feature=youtu.be
Elsashark,http://twitter.com/AShinOfficial/status/545236403592777728,http://youtu.be/tSiDpPu3Uhs
Elsashark,http://twitter.com/AShinOfficial/status/540761819707490304,http://youtu.be/RTUwaCImChM
Elsashark,http://twitter.com/ashin945/status/540866848921628672,http://youtu.be/RTUwaCImChM
Elsashark,http://twitter.com/AShinOfficial/status/567701500156076033,http://youtu.be/nlvTrcdwDLw
Elsashark,http://twitter.com/ashin945/status/534692970067288064,http://youtu.be/83I_5lq5MwI
Elsashark,http://twitter.com/AShinOfficial/status/535268188229877760,http://youtu.be/83I_5lq5MwI
Elsashark,http://twitter.com/AShinOfficial/status/538150063864680448,http://youtu.be/83I_5lq5MwI
Elsashark,http://twitter.com/AShinOfficial/status/539972635480698881,http://youtu.be/83I_5lq5MwI
Elsashark,http://twitter.com/ashin945/status/540161093327273984,http://youtu.be/83I_5lq5MwI
Elsashark,http://twitter.com/AShinOfficial/status/554334445306531841,http://youtu.be/_XYcCNY-ass
Elsashark,http://twitter.com/ashin945/status/559722687191199744,http://youtu.be/_XYcCNY-ass
Elsashark,http://twitter.com/ashin945/status/582797168282451968,http://www.mayday.jp/justrockit/
Elsashark,http://twitter.com/AShinOfficial/status/548075290254012416,http://www.fb.com/ashin555
Elsashark,http://twitter.com/ashin945/status/635447807034322944,http://www.facebook.com/imayday555/videos/920572061342715/
Elsashark,http://twitter.com/ashin945/status/523521438330802176,http://t.cn/zjFY9a5
exomin0204,http://twitter.com/special1004/status/617350840005824512,https://instagram.com/p/4uAhJLKNqI/
exomin0217,http://twitter.com/AShinOfficial/status/618809234113740800,https://youtu.be/45mI3RaNOow
exomin0226,http://twitter.com/special1004/status/619888673300029441,https://instagram.com/p/5ACmF4qNpQ/
exomin0227,http://twitter.com/special1004/status/619888830552928257,https://instagram.com/p/5ACqkeKNpb/
exomin0232,http://twitter.com/special1004/status/620099532664258560,https://instagram.com/p/5Bie6oKNqV/
exomin0235,http://twitter.com/mtuan93/status/620248452564406272,https://instagram.com/p/5CmNHsphVY/
exomin0239,http://twitter.com/special1004/status/620413464352268288,https://instagram.com/p/5DxPgdKNmP/
exomin0240,http://twitter.com/special1004/status/620413490721857536,https://instagram.com/p/5DxQRqqNmS/
exomin0241,http://twitter.com/henrylau89/status/620496146440454144,https://www.flitto.com/twitter/85/1418795
exomin0246,http://twitter.com/special1004/status/621962387952898048,http://m.entertain.naver.com/read?oid=109&aid=0003115793
exomin0248,http://twitter.com/henrylau89/status/622058366836183040,https://www.flitto.com/twitter/85/1432101
exomin0249,http://twitter.com/henrylau89/status/622058818709499905,https://www.flitto.com/twitter/85/1432109
exomin0256,http://twitter.com/special1004/status/622332398374658048,https://instagram.com/p/5RZ32zqNo5/
exomin0260,http://twitter.com/AShinOfficial/status/622421526541787136,https://youtu.be/eZxkpvoJI2Q
exomin0264,http://twitter.com/henrylau89/status/623058461811720192,https://instagram.com/p/5WkDI0wHST/
exomin0275,http://twitter.com/siwon407/status/628507510627004416,https://instagram.com/p/59R_QHCvbG/
exomin0278,http://twitter.com/AShinOfficial/status/630025004973862912,https://youtu.be/X1w3JU5dIAg
exomin0279,http://twitter.com/henrylau89/status/630050529037545472,https://www.flitto.com/twitter/85/1491040
exomin0281,http://twitter.com/BTOB_ILL/status/630091236528025600,https://instagram.com/p/6IiLWBwhIu/
exomin0287,http://twitter.com/AShinOfficial/status/634377711444627456,https://youtu.be/IBT0_3QUy98
exomin0295,http://twitter.com/mtuan93/status/638944572580724736,https://instagram.com/p/7HcNw9Jhc2/
exomin0299,http://twitter.com/IBGDRGN/status/642302452616794112,https://instagram.com/p/7fTMS6tgFX/
exomin0300,http://twitter.com/linbea945/status/642337903293526016,http://www.youtube.com/watch?v=_OuYLGHkrBk&sns=em
gracienoir,http://twitter.com/AShinOfficial/status/630025004973862912,https://youtu.be/X1w3JU5dIAg
gracienoir,http://twitter.com/AShinOfficial/status/634377711444627456,https://youtu.be/IBT0_3QUy98
gracienoir,http://twitter.com/ashin945/status/635546720655405056,https://www.youtube.com/watch?v=Fpb4HcUPlMM
gracienoir,http://twitter.com/skullhong/status/624031392637153280,https://www.youtube.com/watch?v=ECOhHZeNdnU
gracienoir,http://twitter.com/Mayday_JP/status/638918697042624512,https://www.facebook.com/asketch.official/posts/967605209966342
gracienoir,http://twitter.com/ashin945/status/637855778741751808,https://www.facebook.com/ashin555/posts/936596469729371
gracienoir,http://twitter.com/skullhong/status/629991640422203392,https://twitter.com/ft_fanclub/status/629984323492450304
gracienoir,http://twitter.com/BTOB_6SJ/status/630404567507689472,https://twitter.com/BTOB_ILL/status/630400156089876482
gracienoir,http://twitter.com/BTOB_6SJ/status/630405181079879680,https://twitter.com/BTOB_ILL/status/630395980945321984
gracienoir,http://twitter.com/saicowow/status/641461970064048128,https://instagram.com/p/7ZU_ZtCMNs/
gracienoir,http://twitter.com/skullhong/status/642870041990443008,https://instagram.com/p/7jVTJPSn88/
gracienoir,http://twitter.com/chungxuan/status/642869992430678017,https://instagram.com/p/7jVSgWlQ6U/
gracienoir,http://twitter.com/saicowow/status/642854129090605056,https://instagram.com/p/7jOEuYiMAV/
gracienoir,http://twitter.com/saicowow/status/642367709578153984,https://instagram.com/p/7fw4HDiMIs/
gracienoir,http://twitter.com/saicowow/status/642276911981400064,https://instagram.com/p/7fHlY_CMAw/
gracienoir,http://twitter.com/skullhong/status/638268287059689472,https://instagram.com/p/7CorRoyn-M/
gracienoir,http://twitter.com/chungxuan/status/632469796022521856,https://instagram.com/p/6Zb07TFQ9Z/
gracienoir,http://twitter.com/chungxuan/status/632467732840247296,https://instagram.com/p/6Za4OXlQ8b/
gracienoir,http://twitter.com/skullhong/status/629983739653791744,https://instagram.com/p/6HxSn-Snxb/
gracienoir,http://twitter.com/skullhong/status/629614767792091136,https://instagram.com/p/6FJgoqyn9b/
gracienoir,http://twitter.com/skullhong/status/627194326985121792,https://instagram.com/p/5z80lhSn91/
gracienoir,http://twitter.com/skullhong/status/626395227281063936,https://instagram.com/p/5uRb0KynwJ/
gracienoir,http://twitter.com/skullhong/status/626316412588544000,https://instagram.com/p/5ttl_5yn7B/
gracienoir,http://twitter.com/skullhong/status/626086937846239232,https://instagram.com/p/5sFPZ-yn7E/
gracienoir,http://twitter.com/skullhong/status/626040349249699840,https://instagram.com/p/5rwDgdSny_/
gracienoir,http://twitter.com/skullhong/status/625191288166596608,https://instagram.com/p/5lt8JRyn7I/
gracienoir,http://twitter.com/skullhong/status/625179208680087552,https://instagram.com/p/5lodCDyny8/
gracienoir,http://twitter.com/skullhong/status/625000567971160064,https://instagram.com/p/5kXN4Ryn2D/
gracienoir,http://twitter.com/skullhong/status/624295379786420228,https://instagram.com/p/5fWiNSyn4K/
gracienoir,http://twitter.com/skullhong/status/624202649378947072,https://instagram.com/p/5esXZLSny4/
gracienoir,http://twitter.com/skullhong/status/628124223484088320,https://instagram.com/p/56jsINSn6I/
gracienoir,http://twitter.com/skullhong/status/627738413572202496,https://instagram.com/p/530PnZyn9S/
gracienoir,http://twitter.com/skullhong/status/627492427721539584,https://instagram.com/p/52EYfESn1F/
gracienoir,http://twitter.com/skullhong/status/628851864566669312,https://instagram.com/p/5_ulS7Sn04/
gracienoir,http://twitter.com/Mayday_JP/status/634923361877946368,http://www.mayday.jp/live/
gracienoir,http://twitter.com/ashin945/status/635447807034322944,http://www.facebook.com/imayday555/videos/920572061342715/
gracienoir,http://twitter.com/Mayday_JP/status/639268067881566208,http://www.cinemart.co.jp/article/blog/20150902000161.html
gracienoir,http://twitter.com/Mayday_JP/status/641440439128625152,http://www.barks.jp/news/?id=1000119532
gracienoir,http://twitter.com/Mayday_JP/status/640714783856066566,http://www.astage-ent.com/asia/mayday.html
gracienoir,http://twitter.com/Mayday_JP/status/638567156280483840,http://top.tsite.jp/entertainment/international/i/25118862/
gracienoir,http://twitter.com/Mayday_JP/status/639261417510563840,http://rocketnews24.com/2015/09/02/626598/
gracienoir,http://twitter.com/Mayday_JP/status/638554793926004736,http://ro69.jp/news/detail/130140
gracienoir,http://twitter.com/Mayday_JP/status/638253675819851776,http://natalie.mu/music/news/158548
gracienoir,http://twitter.com/ShowAyanocozey/status/632236999605272577,http://jp.istayreal.com
gracienoir,http://twitter.com/amuse_official/status/638252917967839232,http://fb.me/1UimczOkN
gracienoir,http://twitter.com/KKBOX_JP/status/637844932728782849,http://event.kkbox.com/mayday.jp
gracienoir,http://twitter.com/Mayday_JP/status/638914886471282688,http://blog.taiwannews.jp/?p=27850
hsinstar555,http://twitter.com/ActorLeeMinHo/status/590819492109930496,http://fb.me/4nfejDwri
hsinstar559,http://twitter.com/Mayday_JP/status/591799059590971392,http://www.mayday.jp/sp/yourlegend/
hsinstar560,http://twitter.com/ActorLeeMinHo/status/593781186121605120,http://fb.me/7cln1jeJ4
hsinstar562,http://twitter.com/ssinz/status/594428357187661824,https://instagram.com/p/2LIlb1vdbU/
hsinstar564,http://twitter.com/ninagawamika/status/600908781766094848,http://cameran.in/p/v1/7CtAhd4p2Q
hsinstar565,http://twitter.com/ninagawamika/status/600909195672563713,http://cameran.in/p/v1/nB9j0OOa3w
hsinstar566,http://twitter.com/Mayday_JP/status/601704321600720897,http://www.mayday.jp/
hsinstar567,http://twitter.com/AShinOfficial/status/602478141546729473,https://m.youtube.com/watch?v=qX2GsMj7154
hsinstar570,http://twitter.com/Mayday_JP/status/603893728730841088,https://youtu.be/5OA0A21zyLY
hsinstar574,http://twitter.com/ashin945/status/604541892970188800,https://twitter.com/mayday_jp/status/604234140095893504
hsinstar575,http://twitter.com/ashin945/status/604646453970018304,https://m.youtube.com/watch?v=jVKlegbLCp8&feature=youtu.be
hsinstar576,http://twitter.com/ashin945/status/604963668825010176,https://twitter.com/mayday_jp/status/604925244005068802
hsinstar577,http://twitter.com/ashin945/status/605237244400566272,https://twitter.com/mayday_jp/status/604981725572132865
hsinstar578,http://twitter.com/ashin945/status/605371279235936257,https://twitter.com/mayday_jp/status/605366988517416961
hsinstar585,http://twitter.com/ashin945/status/608606307831054337,https://www.facebook.com/imayday555/videos/920572061342715/
hsinstar587,http://twitter.com/ashin945/status/609315966854377472,https://twitter.com/mayday_jp/status/609314406304911360
hsinstar588,http://twitter.com/Mayday_JP/status/610414130013405184,http://www.barks.jp/news/?id=1000116654
hsinstar590,http://twitter.com/ashin945/status/611060680595083264,https://twitter.com/kkbox_jp/status/611035430134288385
hsinstar591,http://twitter.com/ashin945/status/611420581460770816,https://twitter.com/mayday_jp/status/611126617490898944
hsinstar593,http://twitter.com/AShinOfficial/status/611878442431197184,https://youtu.be/xy-BqLWpoQM
hsinstar595,http://twitter.com/Mayday_JP/status/612640289379848192,http://m.mantan-web.jp/article/20150620dog00m200028000c.html
hsinstar596,http://twitter.com/AShinOfficial/status/615002595547975680,https://youtu.be/6n8AitBL7xc
hsinstar597,http://twitter.com/AShinOfficial/status/616654756535087104,https://youtu.be/3Q__2oA69PM
hsinstar598,http://twitter.com/Official_AOA/status/617556547434999808,https://twitter.com/naraewwwww/status/617556185374273536
hsinstar600,http://twitter.com/AShinOfficial/status/618809234113740800,https://youtu.be/45mI3RaNOow
hsinstar604,http://twitter.com/AShinOfficial/status/622421526541787136,https://youtu.be/eZxkpvoJI2Q
hsinstar605,http://twitter.com/Mayday_JP/status/622645522914869248,http://event.kkbox.com/mayday.jp
hsinstar608,http://twitter.com/AShinOfficial/status/627650829994954752,https://www.facebook.com/somekidding
hsinstar610,http://twitter.com/AShinOfficial/status/630025004973862912,https://youtu.be/X1w3JU5dIAg
hsinstar612,http://twitter.com/ShowAyanocozey/status/632236999605272577,http://jp.istayreal.com
hsinstar614,http://twitter.com/AShinOfficial/status/634377711444627456,https://youtu.be/IBT0_3QUy98
hsinstar615,http://twitter.com/Mayday_JP/status/634923361877946368,http://www.mayday.jp/live/
hsinstar616,http://twitter.com/ashin945/status/635447807034322944,http://www.facebook.com/imayday555/videos/920572061342715/
hsinstar617,http://twitter.com/ashin945/status/635546720655405056,https://www.youtube.com/watch?v=Fpb4HcUPlMM
hsinstar619,http://twitter.com/skullhong/status/636507250933256192,https://instagram.com/p/62H2XHynwx/
hsinstar622,http://twitter.com/skullhong/status/637505566684934144,https://instagram.com/p/69N1MHyn6k/
hsinstar625,http://twitter.com/KKBOX_JP/status/637844932728782849,http://event.kkbox.com/mayday.jp
hsinstar626,http://twitter.com/ashin945/status/637855778741751808,https://www.facebook.com/ashin555/posts/936596469729371
hsinstar627,http://twitter.com/skullhong/status/638024938020999169,https://twitter.com/fnc_ent/status/638003297941454849
hsinstar628,http://twitter.com/skullhong/status/638031847365087232,https://twitter.com/sho_ngki/status/638031293939253248
hsinstar629,http://twitter.com/FNC_ENT/status/638184749639430144,https://youtu.be/2WC66p4ZQ84
hsinstar630,http://twitter.com/skullhong/status/638184761299763201,https://instagram.com/p/7CCsXASnyk/
hsinstar631,http://twitter.com/skullhong/status/638187357024350208,https://twitter.com/fnc_ent/status/638184749639430144
hsinstar632,http://twitter.com/Mayday_JP/status/638253675819851776,http://natalie.mu/music/news/158548
hsinstar633,http://twitter.com/skullhong/status/638299184345382912,https://twitter.com/sor_hg/status/638298781570588673
hsinstar634,http://twitter.com/skullhong/status/638308979177820160,https://instagram.com/p/7C7Lh8Sn2i/
hsinstar637,http://twitter.com/FtGtJH/status/639051528293232641,https://instagram.com/p/7IM2oaxSwS/
hsinstar638,http://twitter.com/chungxuan/status/639091599474061313,https://instagram.com/p/7IfEuoFQyz/
hsinstar639,http://twitter.com/skullhong/status/639116155601338368,https://twitter.com/smalljuzi/status/639105436873043968
hsinstar640,http://twitter.com/skullhong/status/639342695312433156,https://instagram.com/p/7KRQqrSn-X/
hsinstar641,http://twitter.com/chungxuan/status/639380638383083520,https://instagram.com/p/7Kig7alQ_m/
hsinstar642,http://twitter.com/chungxuan/status/639869838018670592,https://instagram.com/p/7OA-dHFQ4R/
hsinstar643,http://twitter.com/chungxuan/status/639870753043824640,https://instagram.com/p/7OBYJUFQ5D/
hsinstar644,http://twitter.com/skullhong/status/639980101204082688,https://instagram.com/p/7OzHnySn3x/
hsinstar646,http://twitter.com/chungxuan/status/640422485457043456,https://instagram.com/p/7R8SqYFQ-H/
hsinstar647,http://twitter.com/skullhong/status/640432712201961472,https://instagram.com/p/7SA8U6yn3d/
hsinstar648,http://twitter.com/skullhong/status/640441098733797380,https://instagram.com/p/7SEwaGSn8J/
hsinstar649,http://twitter.com/skullhong/status/640494820390227968,https://instagram.com/p/7SdLkgSn_G/
hsinstar650,http://twitter.com/skullhong/status/640758281301061632,https://instagram.com/p/7UU_oxyn0v/
hsinstar651,http://twitter.com/cnbluegt/status/641111078328516608,https://instagram.com/p/7W1bYzFnzg/
hsinstar652,http://twitter.com/skullhong/status/641185621516656640,https://instagram.com/p/7XXUcGynw-/
hsinstar653,http://twitter.com/skullhong/status/641211361574326273,https://twitter.com/fncmusicjapan/status/641207163336060928
hsinstar654,http://twitter.com/hajiwon1023/status/641222327993278464,https://instagram.com/p/7XoBODn6mr/
HuangJiuen,http://twitter.com/AShinOfficial/status/611878442431197184,https://youtu.be/xy-BqLWpoQM
HuangJiuen,http://twitter.com/AShinOfficial/status/630025004973862912,https://youtu.be/X1w3JU5dIAg
HuangJiuen,http://twitter.com/AShinOfficial/status/634377711444627456,https://youtu.be/IBT0_3QUy98
HuangJiuen,http://twitter.com/AShinOfficial/status/622421526541787136,https://youtu.be/eZxkpvoJI2Q
HuangJiuen,http://twitter.com/AShinOfficial/status/615002595547975680,https://youtu.be/6n8AitBL7xc
HuangJiuen,http://twitter.com/AShinOfficial/status/618809234113740800,https://youtu.be/45mI3RaNOow
HuangJiuen,http://twitter.com/AShinOfficial/status/616654756535087104,https://youtu.be/3Q__2oA69PM
HuangJiuen,http://twitter.com/AShinOfficial/status/627650829994954752,https://www.facebook.com/somekidding
HuangJiuen,http://twitter.com/AShinOfficial/status/572771165183201280,https://www.facebook.com/notes/%E7%9B%B8%E4%BF%A1%E9%9F%B3%E6%A8%82%E5%9C%8B%E9%9A%9B%E8%82%A1%E4%BB%BD%E6%9C%89%E9%99%90%E5%85%AC%E5%8F%B8/328-100-mayday%E4%BA%94%E6%9C%88%E5%A4%A9just-rock-it%E6%BC%94%E5%94%B1%E6%9C%83%E5%A4%A7%E8%A5%BF%E6%B4%8B%E5%9F%8E%E6%BF%B1%E6%B5%B7%E5%A4%A7%E9%81%93%E6%9C%83%E8%AD%B0%E4%B8%AD%E5%BF%83217-iemshowplace%E7%B6%B2%E7%AB%99%E9%96%80%E7%A5%A8%E9%96%8B%E8%B3%A3213-2100%E6%96%B0%E5%A2%9E%E6%BC%94%E5%94%B1%E6%9C%83%E7%A5%A8/1349282435134855
HuangJiuen,http://twitter.com/Mayday_JP/status/638918697042624512,https://www.facebook.com/asketch.official/posts/967605209966342
HuangJiuen,http://twitter.com/AShinOfficial/status/602478141546729473,https://m.youtube.com/watch?v=qX2GsMj7154
HuangJiuen,http://twitter.com/AShinOfficial/status/508069324578238464,http://youtu.be/xz6dKOUlcB8
HuangJiuen,http://twitter.com/AShinOfficial/status/466630406180052993,http://youtu.be/UcKtBSlfpRU?hd=1
HuangJiuen,http://twitter.com/AShinOfficial/status/475860861949444096,http://youtu.be/UcKtBSlfpRU?hd=1
HuangJiuen,http://twitter.com/AShinOfficial/status/479288101890576385,http://youtu.be/tSiDpPu3Uhs?hd=1
HuangJiuen,http://twitter.com/AShinOfficial/status/545236403592777728,http://youtu.be/tSiDpPu3Uhs
HuangJiuen,http://twitter.com/AShinOfficial/status/498524838974087168,http://youtu.be/SstOzs4y6Eg?hd=1
HuangJiuen,http://twitter.com/AShinOfficial/status/540761819707490304,http://youtu.be/RTUwaCImChM
HuangJiuen,http://twitter.com/AShinOfficial/status/471690716985298946,http://youtu.be/qX2GsMj7154hd=1
HuangJiuen,http://twitter.com/AShinOfficial/status/567701500156076033,http://youtu.be/nlvTrcdwDLw
HuangJiuen,http://twitter.com/AShinOfficial/status/486507381828771843,http://youtu.be/lvDa3r1pNuE?hd=1
HuangJiuen,http://twitter.com/AShinOfficial/status/494339286058033152,http://youtu.be/hEgc1mS0_Ms?hd=1
HuangJiuen,http://twitter.com/AShinOfficial/status/464804755181936640,http://youtu.be/BfwbO0f1R8o?hd=1
HuangJiuen,http://twitter.com/AShinOfficial/status/535268188229877760,http://youtu.be/83I_5lq5MwI
HuangJiuen,http://twitter.com/AShinOfficial/status/538150063864680448,http://youtu.be/83I_5lq5MwI
HuangJiuen,http://twitter.com/AShinOfficial/status/539972635480698881,http://youtu.be/83I_5lq5MwI
HuangJiuen,http://twitter.com/AShinOfficial/status/470251362169933824,http://youtu.be/4eGK5Q25Hpk?hd=1
HuangJiuen,http://twitter.com/AShinOfficial/status/554334445306531841,http://youtu.be/_XYcCNY-ass
HuangJiuen,http://twitter.com/Cristiano/status/630370243739807744,http://www.unscriptd.com/raw/football-(soccer)-cristiano-ronaldo-m88600/
HuangJiuen,http://twitter.com/AShinOfficial/status/548075290254012416,http://www.fb.com/ashin555
HuangJiuen,http://twitter.com/AShinOfficial/status/485475262092439553,http://www.facebook.com/iSTAYREAL
HuangJiuen,http://twitter.com/Mayday_JP/status/639268067881566208,http://www.cinemart.co.jp/article/blog/20150902000161.html
HuangJiuen,http://twitter.com/AShinOfficial/status/481656999919120385,http://t.cn/RvTiMXp
HuangJiuen,http://twitter.com/AShinOfficial/status/497424232658124800,http://socbu.kcg.gov.tw/?prog=3&b_id=1
HuangJiuen,http://twitter.com/Mayday_JP/status/639261417510563840,http://rocketnews24.com/2015/09/02/626598/
HuangJiuen,http://twitter.com/AShinOfficial/status/505410322501365763,http://goo.gl/9MZOX2
HuangJiuen,http://twitter.com/AShinOfficial/status/500660020912984065,http://goo.gl/6m6MoF
HuangJiuen,http://twitter.com/Mayday_JP/status/638914886471282688,http://blog.taiwannews.jp/?p=27850
KaruTran,http://twitter.com/FNC_ENT/status/643076684233609216,https://youtu.be/YLay6l7CakM
KaruTran,http://twitter.com/fncmusicjapan/status/643083284742729728,https://youtu.be/YLay6l7CakM
KaruTran,http://twitter.com/FNC_ENT/status/641627125095665666,https://youtu.be/vGrG9cGIFfg
KaruTran,http://twitter.com/theseoulstory/status/640541422945501184,https://youtu.be/syn3oL6XrZU
KaruTran,http://twitter.com/CNBYonghwa/status/642921928899067904,https://youtu.be/oll9Qe2YnNc
KaruTran,http://twitter.com/TooK_JYH/status/640684173473157121,https://youtu.be/NniRiirJ2TQ
KaruTran,http://twitter.com/fncmusicjapan/status/640344235640623104,https://youtu.be/NMfENGOPneM
KaruTran,http://twitter.com/fncmusicjapan/status/641111916069326848,https://youtu.be/MfIb7q2zea4
KaruTran,http://twitter.com/kor_celebrities/status/640795735303172096,https://youtu.be/meNEoax1NXQ
KaruTran,http://twitter.com/FNC_ENT/status/641989515641401344,https://youtu.be/LvDa5va4ghk
KaruTran,http://twitter.com/GuitarJunkieTV/status/642530095886798848,https://youtu.be/f0kmqCiblUA
KaruTran,http://twitter.com/CNBYonghwa/status/640422003690864640,https://youtu.be/6R5Cgn2c3YU?t=1m3s
KaruTran,http://twitter.com/fncmusicjapan/status/640813481235623936,https://www.youtube.com/watch?v=FWGmg4yN_j4
KaruTran,http://twitter.com/CNBYonghwa/status/640729758691672064,https://twitter.com/realliveV/status/640721728755265536
KaruTran,http://twitter.com/1theK/status/640543544478855169,https://twitter.com/fnc_ent/status/640539968754991105
KaruTran,http://twitter.com/boice106/status/641815016774045696,https://recochoku.jp/genreranking/k-pop/daily/
KaruTran,http://twitter.com/siwon407/status/642273154359013377,https://instagram.com/p/7fF4Soivfe/
KaruTran,http://twitter.com/JYHeffect/status/641562316451016705,https://instagram.com/p/7aCoNfy9_U/
KaruTran,http://twitter.com/fncmusicjapan/status/640406739146313728,https://campaign.naver.com/v/lineup/
KaruTran,http://twitter.com/FNC_ENT/status/640539968754991105,http://youtu.be/syn3oL6XrZU
KaruTran,http://twitter.com/soompi/status/643080267045949440,http://www.soompi.com/2015/09/13/cnblue-searches-for-their-cinderella-in-new-music-video/
KaruTran,http://twitter.com/ribbonchariots/status/643078950894350339,http://www.melon.com/album/detail.htm?albumId=2639985&ref=twitter
KaruTran,http://twitter.com/CNBYonghwa/status/640704138741968896,http://v.youku.com/v_show/id_XMTMyODkwNjM0NA==.html
KaruTran,http://twitter.com/TIME/status/640950171745013760,http://ti.me/1VJcqYV
KaruTran,http://twitter.com/fncmusicjapan/status/641882308379709440,http://t.pia.jp/
KaruTran,http://twitter.com/CN_FANCLUB/status/641801458136973312,http://me2.do/FKF0XgCT
KaruTran,http://twitter.com/realliveV/status/640721728755265536,http://me2.do/54cLIyGS
KaruTran,http://twitter.com/modelpress/status/642978029019369473,http://mdpr.jp/k-enta/1522619
KaruTran,http://twitter.com/CNBYonghwa/status/642683609837518848,http://m.vlive.tv/video/1855
KaruTran,http://twitter.com/MR_KANGGUN/status/642966170740506624,http://m.vlive.tv/video/1737
KaruTran,http://twitter.com/realliveV/status/643022603335004161,http://m.vlive.tv/video/1737
KaruTran,http://twitter.com/Kkorepo/status/642633384355741696,http://korepo.com/archives/145557
KaruTran,http://twitter.com/Just_JYH/status/642542569700749312,http://justjyh.com/xe/music/270670
KaruTran,http://twitter.com/Just_JYH/status/640708772478906369,http://justjyh.com/xe/music/269860
KaruTran,http://twitter.com/Just_JYH/status/642751394978529280,http://justjyh.com/xe/more/270719
KaruTran,http://twitter.com/klaritia/status/641421464751620096,http://justjyh.com/xe/free/248480
KaruTran,http://twitter.com/STAYREAL_Tokyo/status/641816946699202560,http://jp.istayreal.com/news/1018
KaruTran,http://twitter.com/haruhana_tvg/status/643057880124362752,http://haruhana.zasshi.tv/list/vol032.html
KaruTran,http://twitter.com/DATVjp/status/643024235296788480,http://goo.gl/nGeCsW
KaruTran,http://twitter.com/suedeHQ/status/641533723415068672,http://gigst.rs/SuedePr
KaruTran,http://twitter.com/CN_FANCLUB/status/642168115153907713,http://fncent.com/CNBLUE
KaruTran,http://twitter.com/Kstyle_news/status/642922794150313984,http://dlvr.it/C7mnYk
KaruTran,http://twitter.com/CNBStorm/status/642756988309385216,http://cnbluestorm.com/2015/09/13/info-cnblue-september-november-schedule-2015
KaruTran,http://twitter.com/fncmusicjapan/status/641230465362296833,http://cnblue-official.jp/
KaruTran,http://twitter.com/fncmusicjapan/status/641447940121231362,http://cnblue-official.jp/
KaruTran,http://twitter.com/hanryu_pia/status/642977405632561152,http://bit.ly/1XYV6RX
KaruTran,http://twitter.com/FNC_ENT/status/642261445984391168,http://bit.ly/1QsrXtf
KaruTran,http://twitter.com/Kpop_Herald/status/642972394664140800,http://bit.ly/1O8vSNx
KaruTran,http://twitter.com/CN_FANCLUB/status/641437943031136256,http://bit.ly/1LiSFA4
KaruTran,http://twitter.com/MsJONHO/status/641571268114841600,http://ameblo.jp/siwonxsiwon/entry-12069559472.html
KaruTran,http://twitter.com/ABC/status/641798260424708097,http://abcn.ws/1Fy4fp7
mandylovemayday,http://twitter.com/Mayday_JP/status/603893728730841088,https://youtu.be/5OA0A21zyLY
mandylovemayday,http://twitter.com/ashin945/status/487607010599247872,https://www.youtube.com/watch?v=UcKtBSlfpRU
mandylovemayday,http://twitter.com/ashin945/status/500336364001296385,https://www.youtube.com/watch?v=P4qYWbZJpSo
mandylovemayday,http://twitter.com/ashin945/status/545231473603657728,https://www.youtube.com/watch?v=P4qYWbZJpSo
mandylovemayday,http://twitter.com/ashin945/status/493790936309055488,https://www.youtube.com/watch?v=hEgc1mS0_Ms&feature=youtu.be&hd=1
mandylovemayday,http://twitter.com/ashin945/status/635546720655405056,https://www.youtube.com/watch?v=Fpb4HcUPlMM
mandylovemayday,http://twitter.com/ashin945/status/505391215085244418,https://www.youtube.com/watch?v=8NqcGRW7o6o
mandylovemayday,http://twitter.com/ashin945/status/569507096724574209,https://www.facebook.com/video.php?v=850542425012346&set=vb.182099101856685&type=2&theater
mandylovemayday,http://twitter.com/ashin945/status/608606307831054337,https://www.facebook.com/imayday555/videos/920572061342715/
mandylovemayday,http://twitter.com/ashin945/status/637855778741751808,https://www.facebook.com/ashin555/posts/936596469729371
mandylovemayday,http://twitter.com/ashin945/status/611420581460770816,https://twitter.com/mayday_jp/status/611126617490898944
mandylovemayday,http://twitter.com/ashin945/status/609315966854377472,https://twitter.com/mayday_jp/status/609314406304911360
mandylovemayday,http://twitter.com/ashin945/status/605371279235936257,https://twitter.com/mayday_jp/status/605366988517416961
mandylovemayday,http://twitter.com/ashin945/status/605237244400566272,https://twitter.com/mayday_jp/status/604981725572132865
mandylovemayday,http://twitter.com/ashin945/status/604963668825010176,https://twitter.com/mayday_jp/status/604925244005068802
mandylovemayday,http://twitter.com/ashin945/status/604541892970188800,https://twitter.com/mayday_jp/status/604234140095893504
mandylovemayday,http://twitter.com/ashin945/status/611060680595083264,https://twitter.com/kkbox_jp/status/611035430134288385
mandylovemayday,http://twitter.com/ashin945/status/604646453970018304,https://m.youtube.com/watch?v=jVKlegbLCp8&feature=youtu.be
mandylovemayday,http://twitter.com/ashin945/status/540866848921628672,http://youtu.be/RTUwaCImChM
mandylovemayday,http://twitter.com/ashin945/status/497065802541961216,http://youtu.be/KC6mhHVlHFo?list=UUJisJg10zF_Kl1QV5gVOXFg
mandylovemayday,http://twitter.com/ashin945/status/488366214041710595,http://youtu.be/gyxCMs8MHjQ?hd=1
mandylovemayday,http://twitter.com/ashin945/status/534692970067288064,http://youtu.be/83I_5lq5MwI
mandylovemayday,http://twitter.com/ashin945/status/540161093327273984,http://youtu.be/83I_5lq5MwI
mandylovemayday,http://twitter.com/ashin945/status/559722687191199744,http://youtu.be/_XYcCNY-ass
mandylovemayday,http://twitter.com/Mayday_JP/status/575211072002482176,http://www.oaff.jp/2015/ja/program/t01.html
mandylovemayday,http://twitter.com/ashin945/status/495617376839163904,http://www.ntv.co.jp/TFE/index.html
mandylovemayday,http://twitter.com/Mayday_JP/status/591799059590971392,http://www.mayday.jp/sp/yourlegend/
mandylovemayday,http://twitter.com/Mayday_JP/status/634923361877946368,http://www.mayday.jp/live/
mandylovemayday,http://twitter.com/Mayday_JP/status/582181421889892352,http://www.mayday.jp/justrockit/
mandylovemayday,http://twitter.com/ashin945/status/582797168282451968,http://www.mayday.jp/justrockit/
mandylovemayday,http://twitter.com/Mayday_JP/status/601704321600720897,http://www.mayday.jp/
mandylovemayday,http://twitter.com/ashin945/status/635447807034322944,http://www.facebook.com/imayday555/videos/920572061342715/
mandylovemayday,http://twitter.com/Mayday_JP/status/610414130013405184,http://www.barks.jp/news/?id=1000116654
mandylovemayday,http://twitter.com/ashin945/status/523521438330802176,http://t.cn/zjFY9a5
mandylovemayday,http://twitter.com/Mayday_JP/status/612640289379848192,http://m.mantan-web.jp/article/20150620dog00m200028000c.html
mandylovemayday,http://twitter.com/ShowAyanocozey/status/632236999605272577,http://jp.istayreal.com
mandylovemayday,http://twitter.com/ashin945/status/486165796687593472,http://goo.gl/YS0dmM
mandylovemayday,http://twitter.com/Mayday_JP/status/622645522914869248,http://event.kkbox.com/mayday.jp
mandylovemayday,http://twitter.com/KKBOX_JP/status/637844932728782849,http://event.kkbox.com/mayday.jp
mandylovemayday,http://twitter.com/FES_WOWOW/status/500869378955436034,http://bit.ly/1vWsMUO
mandylovemayday,http://twitter.com/eiga_pia/status/559622025019285505,http://bit.ly/15BAeJk
mickey2373,http://twitter.com/ashin945/status/482561616362237952,https://www.youtube.com/watch?v=UcKtBSlfpRU
mickey2375,http://twitter.com/ashin945/status/483986856422285312,http://www.facebook.com/photo.php?v=291734830847690
mickey2377,http://twitter.com/BinMUSIC_jpn/status/484699808142065664,http://youtu.be/W-vRKek-K-8?hd=1
mickey2378,http://twitter.com/BinMUSIC_jpn/status/484699811220697088,http://goo.gl/I5LSgM
mickey2380,http://twitter.com/ashin945/status/486165796687593472,http://goo.gl/YS0dmM
mickey2381,http://twitter.com/AShinOfficial/status/486507381828771843,http://youtu.be/lvDa3r1pNuE?hd=1
mickey2382,http://twitter.com/ashin945/status/487607010599247872,https://www.youtube.com/watch?v=UcKtBSlfpRU
mickey2384,http://twitter.com/ashin945/status/488366214041710595,http://youtu.be/gyxCMs8MHjQ?hd=1
mickey2386,http://twitter.com/excite_music/status/489240992235532288,http://www.excite.co.jp/music/news/detail/E1405478405372.html
mickey2389,http://twitter.com/ashin945/status/493790936309055488,https://www.youtube.com/watch?v=hEgc1mS0_Ms&feature=youtu.be&hd=1
mickey2392,http://twitter.com/ashin945/status/495617376839163904,http://www.ntv.co.jp/TFE/index.html
mickey2394,http://twitter.com/ashin945/status/497065802541961216,http://youtu.be/KC6mhHVlHFo?list=UUJisJg10zF_Kl1QV5gVOXFg
mickey2396,http://twitter.com/TF_EXPO/status/499171141957591040,http://www.mayday.jp/news/
mickey2398,http://twitter.com/ashin945/status/500336364001296385,https://www.youtube.com/watch?v=P4qYWbZJpSo
mickey2399,http://twitter.com/FES_WOWOW/status/500869378955436034,http://bit.ly/1vWsMUO
mickey2410,http://twitter.com/ashin945/status/505391215085244418,https://www.youtube.com/watch?v=8NqcGRW7o6o
mickey2419,http://twitter.com/ashin945/status/523521438330802176,http://t.cn/zjFY9a5
mickey2425,http://twitter.com/ashin945/status/534692970067288064,http://youtu.be/83I_5lq5MwI
mickey2427,http://twitter.com/ashin945/status/540161093327273984,http://youtu.be/83I_5lq5MwI
mickey2428,http://twitter.com/ashin945/status/540866848921628672,http://youtu.be/RTUwaCImChM
mickey2430,http://twitter.com/ashin945/status/545231473603657728,https://www.youtube.com/watch?v=P4qYWbZJpSo
mickey2432,http://twitter.com/AShinOfficial/status/548075290254012416,http://www.fb.com/ashin555
mickey2434,http://twitter.com/ashin945/status/559722687191199744,http://youtu.be/_XYcCNY-ass
mickey2438,http://twitter.com/STAYREAL_Tokyo/status/567902963420672000,http://s.navi.com/taipei/special/5032207/
mickey2440,http://twitter.com/ashin945/status/569507096724574209,https://www.facebook.com/video.php?v=850542425012346&set=vb.182099101856685&type=2&theater
mickey2443,http://twitter.com/ashin945/status/582797168282451968,http://www.mayday.jp/justrockit/
mickey2444,http://twitter.com/AShinOfficial/status/602478141546729473,https://m.youtube.com/watch?v=qX2GsMj7154
mickey2447,http://twitter.com/ashin945/status/604541892970188800,https://twitter.com/mayday_jp/status/604234140095893504
mickey2448,http://twitter.com/ashin945/status/604646453970018304,https://m.youtube.com/watch?v=jVKlegbLCp8&feature=youtu.be
mickey2449,http://twitter.com/ashin945/status/605237244400566272,https://twitter.com/mayday_jp/status/604981725572132865
mickey2450,http://twitter.com/ashin945/status/605371279235936257,https://twitter.com/mayday_jp/status/605366988517416961
mickey2452,http://twitter.com/Mayday_JP/status/622645522914869248,http://event.kkbox.com/mayday.jp
mickey2456,http://twitter.com/Mayday_JP/status/634923361877946368,http://www.mayday.jp/live/
mickey2457,http://twitter.com/ashin945/status/635447807034322944,http://www.facebook.com/imayday555/videos/920572061342715/
mickey2458,http://twitter.com/ashin945/status/635546720655405056,https://www.youtube.com/watch?v=Fpb4HcUPlMM
mickey2462,http://twitter.com/KKBOX_JP/status/637844932728782849,http://event.kkbox.com/mayday.jp
mickey2463,http://twitter.com/ashin945/status/637855778741751808,https://www.facebook.com/ashin555/posts/936596469729371
mickey2464,http://twitter.com/Mayday_JP/status/638253675819851776,http://natalie.mu/music/news/158548
mickey2465,http://twitter.com/Mayday_JP/status/638914886471282688,http://blog.taiwannews.jp/?p=27850
mickey2466,http://twitter.com/Mayday_JP/status/638918697042624512,https://www.facebook.com/asketch.official/posts/967605209966342
ningyonoteiou,http://twitter.com/wlcardster/status/641194669355831296,https://www.facebook.com/setshowbiz/photos/a.191969660829687.54512.191428787550441/1171112329582077/?type=1&theater
ningyonoteiou,http://twitter.com/wlcardster/status/638140648843931648,https://www.facebook.com/photo.php?fbid=10153270570741137&set=a.115545031136.93332.710966136&type=1
ningyonoteiou,http://twitter.com/ashin945/status/637855778741751808,https://www.facebook.com/ashin555/posts/936596469729371
ningyonoteiou,http://twitter.com/jimajimasaori/status/639208353424502784,https://itunes.apple.com/jp/app/id1007784170
ningyonoteiou,http://twitter.com/anjyu103/status/637705321494900736,http://www.excite.co.jp/News/asia_ent/20150829/Recordchina_20150829053.html
ningyonoteiou,http://twitter.com/nekonoboris/status/642353219021094912,http://www.asahi.com/sp/articles/photo/AS20150911004234.html
ningyonoteiou,http://twitter.com/afpbbcom/status/641416297574760448,http://www.afpbb.com/articles/-/3059773
ningyonoteiou,http://twitter.com/focustaiwanjapa/status/641921051463577600,http://japan.cna.com.tw/news/aart/201509100015.aspx
ningyonoteiou,http://twitter.com/SPUR_magazine/status/636486617213984768,http://hpplus.jp/spur/fashion/snap/editorssnap/298559.html
ningyonoteiou,http://twitter.com/NittaiFriends/status/636178615726645248,http://fb.me/CsUPy7Ko
ningyonoteiou,http://twitter.com/NittaiFriends/status/640858173604130816,http://fb.me/4IoazZ78P
ningyonoteiou,http://twitter.com/amuse_official/status/638252917967839232,http://fb.me/1UimczOkN
ningyonoteiou,http://twitter.com/KKBOX_JP/status/636791946602680320,http://event.kkbox.com/mayday.jp
ningyonoteiou,http://twitter.com/VOGUEgirlJAPAN/status/641839787519922176,http://buff.ly/1UIjfaN
ningyonoteiou,http://twitter.com/TW_nextmedia/status/641563799846301696,http://bit.ly/1Ocwsc2
shihya1532,http://twitter.com/ashin945/status/247664706721026048,http://youtu.be/kEu5o4eu0YQ
shihya1533,http://twitter.com/ashin945/status/263298048489316352,http://youtu.be/2WWdeIqK6c0?hd=1
shihya1536,http://twitter.com/HelanOnline/status/439414886184255488,http://url.cn/RFZ6jy
shihya1539,http://twitter.com/ashin945/status/442688518515466240,http://www.mayday.jp/discography/
shihya1540,http://twitter.com/natalie_mu/status/466050289443688448,http://natalie.mu/music/news/116473
shihya1542,http://twitter.com/OKMusicOfficial/status/466073042255220737,http://okmusic.jp/news/39763
shihya1543,http://twitter.com/Mayday_JP/status/466085769560338434,http://smarturl.it/e2yjta
shihya1544,http://twitter.com/amuse_mobile/status/466224636901212160,http://bit.ly/1sHWY0M
shihya1545,http://twitter.com/BinMUSIC_jpn/status/469783215222169600,http://youtu.be/CtKH83LuIv8
shihya1546,http://twitter.com/BinMUSIC_jpn/status/469785958632521729,http://www1.tvbs.com.tw/project/tvbs_g/activity/songsspecial/02-1.aspx?code=20145919065909&p=1
tea_kmsk,http://twitter.com/goceanwild/status/390051826336165888,http://www.tfm.co.jp/eh/
tea_kmsk,http://twitter.com/CpopCon/status/491929938052648960,http://www.nhk.or.jp/asiamusic/
tea_kmsk,http://twitter.com/Mayday_JP/status/631299802471362562,http://www.mayday.jp
tea_kmsk,http://twitter.com/RocketNews24/status/489197944143634432,http://wp.me/p25BsW-1X9r
tea_kmsk,http://twitter.com/bloodbubble/status/450253341176524800,http://instagram.com/p/mJ4KCvzG1q/
tea_kmsk,http://twitter.com/Asiandrops/status/467566415176675328,http://ent.appledaily.com.tw/realtimenews/article/entertainment/20140517/399479/
tea_kmsk,http://twitter.com/taiwannp/status/641502695258394624,http://blog.taiwannews.jp/?p=28019
tea_kmsk,http://twitter.com/goceanwild/status/448021439728205825,http://blog.livedoor.jp/goceanwild/archives/52164125.html
tea_kmsk,http://twitter.com/RocketNews24/status/428475108332560384,http://bit.ly/1i9feLw
vivianlovedoggy,http://twitter.com/StroopsMINOZ/status/616478558660132864,https://youtu.be/lC6GG6mQVhw
vivianlovedoggy,http://twitter.com/goodboySR/status/642044162016067584,https://youtu.be/L6laNE6m7Pc
vivianlovedoggy,http://twitter.com/minoz_KyoungJu/status/638511669845471232,https://youtu.be/D_omfyUeLcQ
vivianlovedoggy,http://twitter.com/PSH_BaiduBar/status/611400670860591104,https://youtu.be/bqORmucru5A
vivianlovedoggy,http://twitter.com/goodboySR/status/597305700528730112,https://youtu.be/1Lhvt5ps3M8
vivianlovedoggy,http://twitter.com/cafeDAVE0622/status/596481833644130305,https://www.youtube.com/watch?v=1u60bvzopvk
vivianlovedoggy,http://twitter.com/PSH_BaiduBar/status/609151407439130624,https://www.youtube.com/watch?v=1sDaKtR_Acg&feature=youtu.be
vivianlovedoggy,http://twitter.com/StyleH_/status/596126868618674176,https://www.facebook.com/vegemilgood/posts/968915593141832:0
vivianlovedoggy,http://twitter.com/StyleH_/status/600165561373339648,https://www.facebook.com/BRUNOMAGLI.kr/posts/902385249824385
vivianlovedoggy,http://twitter.com/StyleH_/status/595037035309596672,https://www.facebook.com/agatha.korea/posts/910267465704169:0
vivianlovedoggy,http://twitter.com/WeAreMinoz/status/591106664134246400,https://vine.co/v/eaTPuuqgXAz
vivianlovedoggy,http://twitter.com/sanghe74/status/603525009223458816,https://twitter.com/tsukapyon3/status/603521986367631360
vivianlovedoggy,http://twitter.com/jengwa31/status/603524168060022784,https://twitter.com/snowks1/status/603522518641586176
vivianlovedoggy,http://twitter.com/jengwa31/status/603520278442815488,https://twitter.com/PSH_BaiduBar/status/603510749126725632
vivianlovedoggy,http://twitter.com/Roro001413/status/603524895687856129,https://twitter.com/NoonMeridian/status/603523635899342848
vivianlovedoggy,http://twitter.com/ashin945/status/604963668825010176,https://twitter.com/mayday_jp/status/604925244005068802
vivianlovedoggy,http://twitter.com/sanghe74/status/589952754358947840,https://twitter.com/LMHGif/status/589952634578055168
vivianlovedoggy,http://twitter.com/sanghe74/status/603524914738438144,https://twitter.com/concordia70/status/603520859156795392
vivianlovedoggy,http://twitter.com/sanghe74/status/603520005251080192,https://twitter.com/Carin_Karenza/status/603519232563785728
vivianlovedoggy,http://twitter.com/sanghe74/status/603520104714776577,https://twitter.com/abeer_minoz/status/603519091345723392
vivianlovedoggy,http://twitter.com/StyleH_/status/595035987136225281,https://instagram.com/p/2PYxrdrvgi/
vivianlovedoggy,http://twitter.com/StyleH_/status/598331856853946368,https://instagram.com/p/2mgfYVwrHe/
vivianlovedoggy,http://twitter.com/SBSNOW/status/589957032343515136,https://amp.twimg.com/v/e736a0db-4310-4f51-9fd0-0d958d157bd4
vivianlovedoggy,http://twitter.com/1light_/status/624187502815940609,http://youtu.be/upjUCfSg_Ys
vivianlovedoggy,http://twitter.com/sweetmino_/status/614280565060038656,http://www.youtube.com/watch?v=yDSAIzZutHg&sns=tw
vivianlovedoggy,http://twitter.com/soompi/status/601224375896055809,http://www.soompi.com/2015/05/20/park-shin-hye-rises-as-a-chic-and-modern-fashion-icon/
vivianlovedoggy,http://twitter.com/gangnam_movie/status/610644974116339712,http://www.minho.jp/news/news150615_event.php
vivianlovedoggy,http://twitter.com/getitk/status/613926611847507968,http://www.getitk.com/?p=67505
vivianlovedoggy,http://twitter.com/allkpop/status/599013190882627584,http://www.allkpop.com/article/2015/05/park-shin-hye-brings-out-her-classic-beauty-with-bruno-magli
vivianlovedoggy,http://twitter.com/wenroad/status/609907762810613760,http://variety.com/2015/film/asia/bounty-hunters-lee-min-ho-to-star-1201517164/
vivianlovedoggy,http://twitter.com/Minojennalee/status/592936123350978560,http://v.youku.com/v_show/id_XOTQzNDM5NDgw.html
vivianlovedoggy,http://twitter.com/PSH_BaiduBar/status/595021019586244608,http://toto0309.tistory.com/683
vivianlovedoggy,http://twitter.com/lmj9080/status/622328386367524864,http://skylake130118.tistory.com/
vivianlovedoggy,http://twitter.com/hjleesin/status/629839610885967872,http://minoplanet87.com
vivianlovedoggy,http://twitter.com/2013_SALT/status/593599047044239360,http://me2.do/GJjqah1b
vivianlovedoggy,http://twitter.com/StarhausM/status/640708674843901952,http://me2.do/FnNm0OGS
vivianlovedoggy,http://twitter.com/2013_SALT/status/605975231484723200,http://me2.do/FMUUubnr
vivianlovedoggy,http://twitter.com/2013_SALT/status/608083744746958848,http://me2.do/F4c3BIm1
vivianlovedoggy,http://twitter.com/StyleH_/status/611713411752169472,http://m.weibo.cn/5210501684/CneMXkqDX
vivianlovedoggy,http://twitter.com/StyleH_/status/594530582874300416,http://m.entertain.naver.com/read?oid=213&aid=0000680558
vivianlovedoggy,http://twitter.com/Kpop_Herald/status/613168110573477888,http://kpopherald.koreaherald.com/view.php?ud=201506231111501442270_2
vivianlovedoggy,http://twitter.com/Kpop_Herald/status/604893447216979969,http://kpopherald.koreaherald.com/view.php?ud=201505311505144679537_2
vivianlovedoggy,http://twitter.com/Kpop_Herald/status/595475787953778688,http://kpopherald.koreaherald.com/view.php?ud=201505051527002750295_2&pv=1
vivianlovedoggy,http://twitter.com/topstarnews/status/603447815499550720,http://ift.tt/1SBsbR3
vivianlovedoggy,http://twitter.com/topstarnews/status/603447778765856768,http://ift.tt/1LHWW1W
vivianlovedoggy,http://twitter.com/StyleH_/status/608816799941967872,http://i.imgur.com/yGxXqR5.jpg
vivianlovedoggy,http://twitter.com/sweetmino_/status/603383861549010945,http://i.imgur.com/P9VdEke.jpg
vivianlovedoggy,http://twitter.com/ActorLeeMinHo/status/618560549895426048,http://fb.me/7r5IcRzWc
vivianlovedoggy,http://twitter.com/StarhausM/status/612788769515810816,http://fb.me/7joWAWSmH
vivianlovedoggy,http://twitter.com/StarhausM/status/597568382607699968,http://fb.me/7hI6hAOxy
vivianlovedoggy,http://twitter.com/StarhausM/status/607711607339237376,http://fb.me/6DZ24EzHL
vivianlovedoggy,http://twitter.com/PROMIZ_PMZ/status/613542976090804224,http://fb.me/4Ue5poKFH
vivianlovedoggy,http://twitter.com/StarhausM/status/629553390943649792,http://fb.me/3binGWIJY
vivianlovedoggy,http://twitter.com/ActorLeeMinHo/status/619328697942835200,http://fb.me/2izaJjFVP
vivianlovedoggy,http://twitter.com/StarhausM/status/590442171330879488,http://fb.me/28FVrIg4A
vivianlovedoggy,http://twitter.com/StarhausM/status/589955478001692672,http://fb.me/1GnobawMS
vivianlovedoggy,http://twitter.com/hancinema/status/608423355205697537,http://dlvr.it/B8rKqq
vivianlovedoggy,http://twitter.com/hancinema/status/605572818445565952,http://dlvr.it/B3rcY0
vivianlovedoggy,http://twitter.com/PSH_BaiduBar/status/589955396581724160,http://blog.naver.com/vikiblog/220335890990
vivianlovedoggy,http://twitter.com/topstarnews/status/591042107009327104,http://bit.ly/1OfIAej
vivianlovedoggy,http://twitter.com/topstarnews/status/589956629656956928,http://bit.ly/1bi06gR
vivianlovedoggy,http://twitter.com/ktmy8984/status/589951771906220032,http://bit.ly/1aIZT4X
