ID,±ÀÂËºô¯¸
1,http://www.unscriptd.com/raw/football-(soccer)-cristiano-ronaldo-m88600/
2,http://www.sodagreen.com
3,http://fb.me/1UimczOkN
4,http://fb.me/4nfejDwri
5,https://instagram.com/p/5lt8JRyn7I/
6,https://instagram.com/p/5rwDgdSny_/
7,https://instagram.com/p/5sFPZ-yn7E/
8,https://instagram.com/p/5ttl_5yn7B/
9,https://instagram.com/p/5uRb0KynwJ/
10,https://instagram.com/p/5z80lhSn91/
11,https://instagram.com/p/52EYfESn1F/
12,https://instagram.com/p/530PnZyn9S/
13,https://instagram.com/p/56jsINSn6I/
14,https://instagram.com/p/5_ulS7Sn04/
15,https://instagram.com/p/6FJgoqyn9b/
16,https://instagram.com/p/6HxSn-Snxb/
17,https://twitter.com/ft_fanclub/status/629984323492450304
18,https://twitter.com/BTOB_ILL/status/630400156089876482
19,https://twitter.com/BTOB_ILL/status/630395980945321984
20,0.055261386
21,https://instagram.com/p/6Za4OXlQ8b/
22,https://instagram.com/p/6Zb07TFQ9Z/
23,https://instagram.com/p/5esXZLSny4/
24,https://instagram.com/p/7CorRoyn-M/
25,https://instagram.com/p/7ZU_ZtCMNs/
26,https://instagram.com/p/7fHlY_CMAw/
27,https://instagram.com/p/7fw4HDiMIs/
28,https://instagram.com/p/7jOEuYiMAV/
29,https://instagram.com/p/7jVSgWlQ6U/
30,https://instagram.com/p/7jVTJPSn88/
31,https://instagram.com/p/5fWiNSyn4K/
32,https://instagram.com/p/5kXN4Ryn2D/
33,https://www.youtube.com/watch?v=ECOhHZeNdnU
34,https://instagram.com/p/5lodCDyny8/
35,http://www.mayday.jp/justrockit/
36,http://www.jtbbwt.com/entertainmenttour/Mayday/jp/
37,http://mayday.jp/sp/yourlegend/
38,http://t.cn/8k6bwo4
39,https://youtu.be/-amFqGqM17w
40,https://youtu.be/Yg4kSD1likA
41,https://twitter.com/binmusic_jpn/status/599911437268430850
42,https://instagram.com/p/2yMlYqy9_L/
43,http://japan.cna.com.tw/news/aart/201505180005.aspx
44,http://hichannel.hinet.net/radio/index.do?id=205
45,http://hichannel.hinet.net/radio/index.do?id=222
46,http://HelloJYH.com
47,http://www.sanspo.com/geino/news/20150705/geo15070505010010-n1.html
48,https://tw.celebrity.yahoo.com/photos/fun%e9%9f%b3%e6%a8%82-flumpool-%e5%8f%b0%e5%8c%97%e6%bc%94%e5%94%b1%e6%9c%83%e7%b2%be%e8%8f%af%e7%85%a7-slideshow/;_ylt=A2oKmJBEDplV_XoABUFxOSY5;_ylu=X3oDMTBycWJpM21vBGNvbG8Dc2czBHBvcwMxBHZ0aWQDBHNlYwNzcg--
49,https://vine.co/v/OvJzjBMKUTl
50,http://japan.cna.com.tw/news/aart/201507050005.aspx#.VZkgRtkZoXQ.twitter
51,http://bit.ly/1ewKyXo
52,https://twitter.com/fp_kazuki/status/632004285870403584
53,https://instagram.com/p/0z8oePrmv0/
54,http://t.cn/zOY3093RT
55,http://t.cn/Ryb2AI7
56,http://t.cn/RyboG7i
57,http://t.cn/Ryb11dT
58,http://t.cn/RybBvuw
59,http://t.cn/RyGcv47
60,http://t.cn/RyGcceo
61,http://t.cn/RyGcJDp
