200,,
http://twitter.com/ashin945/status/470568243485081602,,ashin945
http://twitter.com/ashin945/status/471157345750237184,,ashin945
http://twitter.com/AShinOfficial/status/471690716985298946,http://youtu.be/qX2GsMj7154hd=1,AShinOfficial
http://twitter.com/GibsonGuitarSG/status/471858525371502593,http://on.fb.me/1jv6LQO,GibsonGuitarSG
http://twitter.com/AShinOfficial/status/472054861249277953,,AShinOfficial
http://twitter.com/ashin945/status/472744659408535552,,ashin945
http://twitter.com/ashin945/status/473132721246441473,,ashin945
http://twitter.com/ashin945/status/473138889742225408,http://bit.ly/1lALeY2,ashin945
http://twitter.com/ashin945/status/475325082571526144,,ashin945
http://twitter.com/AShinOfficial/status/475860861949444096,http://youtu.be/UcKtBSlfpRU?hd=1,AShinOfficial
http://twitter.com/ashin945/status/476673485163352064,http://youtu.be/UcKtBSlfpRU?hd=1,ashin945
http://twitter.com/ashin945/status/477127590126166016,,ashin945
http://twitter.com/ashin945/status/477879189517770752,,ashin945
http://twitter.com/ashin945/status/477879319365046273,,ashin945
http://twitter.com/ashin945/status/478521199069122561,http://youtu.be/UcKtBSlfpRU?hd=1,ashin945
http://twitter.com/AShinOfficial/status/479288101890576385,http://youtu.be/tSiDpPu3Uhs?hd=1,AShinOfficial
http://twitter.com/ashin945/status/479676428716236802,,ashin945
http://twitter.com/ashin945/status/481094719166894082,,ashin945
http://twitter.com/AShinOfficial/status/481656964980547584,,AShinOfficial
http://twitter.com/AShinOfficial/status/481656999919120385,http://t.cn/RvTiMXp,AShinOfficial
http://twitter.com/ashin945/status/482561616362237952,https://www.youtube.com/watch?v=UcKtBSlfpRU,ashin945
http://twitter.com/FT__Island/status/483250451282796544,,FT__Island
http://twitter.com/AShinOfficial/status/483280442473193472,,AShinOfficial
http://twitter.com/ashin945/status/483633476013273089,,ashin945
http://twitter.com/ashin945/status/483986856422285312,http://www.facebook.com/photo.php?v=291734830847690,ashin945
http://twitter.com/ashin945/status/484120554379567105,,ashin945
http://twitter.com/AShinOfficial/status/484131057235550208,,AShinOfficial
http://twitter.com/AShinOfficial/status/484713930166501376,,AShinOfficial
http://twitter.com/ashin945/status/485452266430668800,,ashin945
http://twitter.com/AShinOfficial/status/485475262092439553,http://www.facebook.com/iSTAYREAL,AShinOfficial
http://twitter.com/ashin945/status/486165796687593472,http://goo.gl/YS0dmM,ashin945
http://twitter.com/AShinOfficial/status/486507381828771843,http://youtu.be/lvDa3r1pNuE?hd=1,AShinOfficial
http://twitter.com/ashin945/status/487998825399730176,,ashin945
http://twitter.com/ashin945/status/488366214041710595,http://youtu.be/gyxCMs8MHjQ?hd=1,ashin945
http://twitter.com/ashin945/status/488408024881438721,,ashin945
http://twitter.com/AShinOfficial/status/488685786598883328,,AShinOfficial
http://twitter.com/excite_music/status/489240992235532288,http://www.excite.co.jp/music/news/detail/E1405478405372.html,excite_music
http://twitter.com/AShinOfficial/status/490513605922545664,,AShinOfficial
http://twitter.com/AnneTohmi/status/490542319892832256,,AnneTohmi
http://twitter.com/AnneTohmi/status/490542909997854720,,AnneTohmi
http://twitter.com/ashin945/status/491437509629333504,,ashin945
http://twitter.com/AShinOfficial/status/491711865966186496,,AShinOfficial
http://twitter.com/ashin945/status/492711052006551552,,ashin945
http://twitter.com/Mayday_JP/status/493615996452622336,,Mayday_JP
http://twitter.com/ashin945/status/493790936309055488,https://www.youtube.com/watch?v=hEgc1mS0_Ms&feature=youtu.be&hd=1,ashin945
http://twitter.com/ashin945/status/495617376839163904,http://www.ntv.co.jp/TFE/index.html,ashin945
http://twitter.com/tokodo_info/status/496239604966518784,http://tokodo.jp/playlist?sp=pl&pkey=85a156aa3f448d7c4709618c7106657c,tokodo_info
http://twitter.com/ashin945/status/496690975893250048,,ashin945
http://twitter.com/ashin945/status/497065802541961216,http://youtu.be/KC6mhHVlHFo?list=UUJisJg10zF_Kl1QV5gVOXFg,ashin945
http://twitter.com/AShinOfficial/status/497424232658124800,http://socbu.kcg.gov.tw/?prog=3&b_id=1,AShinOfficial
http://twitter.com/AShinOfficial/status/498524838974087168,http://youtu.be/SstOzs4y6Eg?hd=1,AShinOfficial
http://twitter.com/ashin945/status/498863724266934272,,ashin945
http://twitter.com/TF_EXPO/status/499171141957591040,http://www.mayday.jp/news/,TF_EXPO
http://twitter.com/AShinOfficial/status/499971839540473856,,AShinOfficial
http://twitter.com/AShinOfficial/status/499972062367068160,,AShinOfficial
http://twitter.com/ashin945/status/500310310738096128,,ashin945
http://twitter.com/ashin945/status/500336364001296385,https://www.youtube.com/watch?v=P4qYWbZJpSo,ashin945
http://twitter.com/AShinOfficial/status/500659976575004674,,AShinOfficial
http://twitter.com/AShinOfficial/status/500660020912984065,http://goo.gl/6m6MoF,AShinOfficial
http://twitter.com/FES_WOWOW/status/500869378955436034,http://bit.ly/1vWsMUO,FES_WOWOW
http://twitter.com/stay_mayday/status/500883170774880256,,stay_mayday
http://twitter.com/ashin945/status/500959107608616961,,ashin945
http://twitter.com/ashin945/status/502474480967352320,,ashin945
http://twitter.com/ashin945/status/502478640345407488,,ashin945
http://twitter.com/ashin945/status/502488379074682880,,ashin945
http://twitter.com/ashin945/status/503595504052490240,,ashin945
http://twitter.com/ashin945/status/503603305986023424,,ashin945
http://twitter.com/ashin945/status/505391215085244418,https://www.youtube.com/watch?v=8NqcGRW7o6o,ashin945
http://twitter.com/AShinOfficial/status/505410322501365763,http://goo.gl/9MZOX2,AShinOfficial
http://twitter.com/KKBOX_JP/status/507510192406138882,http://www.kkbox.com/jp/ja/column/live_reviews-83-30-1.html,KKBOX_JP
http://twitter.com/AShinOfficial/status/508069324578238464,http://youtu.be/xz6dKOUlcB8,AShinOfficial
http://twitter.com/AShinOfficial/status/508803236426289152,,AShinOfficial
http://twitter.com/ashin945/status/508989513809403904,,ashin945
http://twitter.com/AShinOfficial/status/510547606993248257,,AShinOfficial
http://twitter.com/ashin945/status/510798985708044288,,ashin945
http://twitter.com/ashin945/status/513719559149191168,,ashin945
http://twitter.com/ashin945/status/514737211271413760,,ashin945
http://twitter.com/AShinOfficial/status/516063964996722690,,AShinOfficial
http://twitter.com/ashin945/status/516616390791274498,,ashin945
http://twitter.com/ashin945/status/519453157319901185,,ashin945
http://twitter.com/AShinOfficial/status/522168837165182977,,AShinOfficial
http://twitter.com/ashin945/status/523521438330802176,http://t.cn/zjFY9a5,ashin945
http://twitter.com/CLG_HotshotGG/status/523757992034836481,,CLG_HotshotGG
http://twitter.com/ashin945/status/525295372457869312,,ashin945
http://twitter.com/ashin945/status/528025958230413312,,ashin945
http://twitter.com/AShinOfficial/status/529520838949621760,,AShinOfficial
http://twitter.com/AShinOfficial/status/530412234892001280,,AShinOfficial
http://twitter.com/ashin945/status/532186024739209216,,ashin945
http://twitter.com/ashin945/status/534692970067288064,http://youtu.be/83I_5lq5MwI,ashin945
http://twitter.com/AShinOfficial/status/534897922115006464,,AShinOfficial
http://twitter.com/AShinOfficial/status/535268188229877760,http://youtu.be/83I_5lq5MwI,AShinOfficial
http://twitter.com/AShinOfficial/status/538150063864680448,http://youtu.be/83I_5lq5MwI,AShinOfficial
http://twitter.com/ashin945/status/538344928426741760,,ashin945
http://twitter.com/AShinOfficial/status/539972635480698881,http://youtu.be/83I_5lq5MwI,AShinOfficial
http://twitter.com/ashin945/status/540161093327273984,http://youtu.be/83I_5lq5MwI,ashin945
http://twitter.com/AShinOfficial/status/540308357228163072,,AShinOfficial
http://twitter.com/AShinOfficial/status/540761819707490304,http://youtu.be/RTUwaCImChM,AShinOfficial
http://twitter.com/ashin945/status/540866848921628672,http://youtu.be/RTUwaCImChM,ashin945
http://twitter.com/ashin945/status/541249490443698178,,ashin945
http://twitter.com/LeagueOfLegends/status/544899935624101888,http://riot.com/13444Vn,LeagueOfLegends
http://twitter.com/LeagueOfLegends/status/544900402798272512,http://riot.com/1zsCMng,LeagueOfLegends
http://twitter.com/LeagueOfLegends/status/544902919272030208,https://vine.co/v/Ogev9VaJ2wQ,LeagueOfLegends
http://twitter.com/lolesports/status/544954534859382785,http://na.lolesports.com/articles/poro-king-comes-lcs,lolesports
http://twitter.com/ashin945/status/545231473603657728,https://www.youtube.com/watch?v=P4qYWbZJpSo,ashin945
http://twitter.com/AShinOfficial/status/545236403592777728,http://youtu.be/tSiDpPu3Uhs,AShinOfficial
http://twitter.com/AShinOfficial/status/547068329634983936,,AShinOfficial
http://twitter.com/AShinOfficial/status/548075290254012416,http://www.fb.com/ashin555,AShinOfficial
http://twitter.com/AShinOfficial/status/549557688783224832,,AShinOfficial
http://twitter.com/LeagueOfLegends/status/549741428398518273,http://riot.com/1HI5FxL,LeagueOfLegends
http://twitter.com/AShinOfficial/status/550453918900031488,,AShinOfficial
http://twitter.com/ashin945/status/552113001008885761,,ashin945
http://twitter.com/AShinOfficial/status/554334445306531841,http://youtu.be/_XYcCNY-ass,AShinOfficial
http://twitter.com/CLG_HotshotGG/status/558389861913485314,,CLG_HotshotGG
http://twitter.com/focustaiwanjpn/status/558586928639905792,,focustaiwanjpn
http://twitter.com/eiga_pia/status/559622025019285505,http://bit.ly/15BAeJk,eiga_pia
http://twitter.com/ashin945/status/559722687191199744,http://youtu.be/_XYcCNY-ass,ashin945
http://twitter.com/ashin945/status/560450790045659136,,ashin945
http://twitter.com/AShinOfficial/status/560691397406113792,,AShinOfficial
http://twitter.com/ashin945/status/561072491053862912,,ashin945
http://twitter.com/AShinOfficial/status/565176522512662528,,AShinOfficial
http://twitter.com/AShinOfficial/status/566313759883268097,,AShinOfficial
http://twitter.com/AShinOfficial/status/567477245292199937,,AShinOfficial
http://twitter.com/AShinOfficial/status/567701500156076033,http://youtu.be/nlvTrcdwDLw,AShinOfficial
http://twitter.com/AShinOfficial/status/567986139035930624,,AShinOfficial
http://twitter.com/AShinOfficial/status/568938902104309761,,AShinOfficial
http://twitter.com/ashin945/status/569507096724574209,https://www.facebook.com/video.php?v=850542425012346&set=vb.182099101856685&type=2&theater,ashin945
http://twitter.com/AShinOfficial/status/570077424852934656,,AShinOfficial
http://twitter.com/ashin945/status/570369668470296577,,ashin945
http://twitter.com/AShinOfficial/status/574212624893657088,,AShinOfficial
http://twitter.com/Mayday_JP/status/575211072002482176,http://www.oaff.jp/2015/ja/program/t01.html,Mayday_JP
http://twitter.com/AShinOfficial/status/575325645871280130,,AShinOfficial
http://twitter.com/goldwolf1966/status/576297565525704704,,goldwolf1966
http://twitter.com/goldwolf1966/status/576303410464436224,,goldwolf1966
http://twitter.com/takuya5054/status/576355862534430720,,takuya5054
http://twitter.com/takuya5054/status/576358991783022593,,takuya5054
http://twitter.com/goldwolf1966/status/576376914157256704,,goldwolf1966
http://twitter.com/goldwolf1966/status/576554351713366016,,goldwolf1966
http://twitter.com/ashin945/status/577134457401921538,,ashin945
http://twitter.com/AShinOfficial/status/578353062907006976,,AShinOfficial
http://twitter.com/AShinOfficial/status/579796531043119104,,AShinOfficial
http://twitter.com/Mayday_JP/status/582181421889892352,http://www.mayday.jp/justrockit/,Mayday_JP
http://twitter.com/ashin945/status/582797168282451968,http://www.mayday.jp/justrockit/,ashin945
http://twitter.com/AShinOfficial/status/589447021926297600,,AShinOfficial
http://twitter.com/AShinOfficial/status/589985903721861121,,AShinOfficial
http://twitter.com/ashin945/status/594162892238245888,,ashin945
http://twitter.com/AShinOfficial/status/595995291548954624,,AShinOfficial
http://twitter.com/AShinOfficial/status/602478141546729473,https://m.youtube.com/watch?v=qX2GsMj7154,AShinOfficial
http://twitter.com/ashin945/status/604094988171886592,,ashin945
http://twitter.com/ntv_sukkiri/status/604165943363657728,,ntv_sukkiri
http://twitter.com/Mayday_JP/status/604234388763582464,,Mayday_JP
http://twitter.com/ashin945/status/604541892970188800,https://twitter.com/mayday_jp/status/604234140095893504,ashin945
http://twitter.com/ashin945/status/604963668825010176,https://twitter.com/mayday_jp/status/604925244005068802,ashin945
http://twitter.com/Mayday_JP/status/605275950377369600,https://youtu.be/NSn4aW0z6_A,Mayday_JP
http://twitter.com/AShinOfficial/status/606104608503496705,,AShinOfficial
http://twitter.com/AShinOfficial/status/606104648231960576,,AShinOfficial
http://twitter.com/ashin945/status/606792807097901056,,ashin945
http://twitter.com/AShinOfficial/status/607425239144792065,,AShinOfficial
http://twitter.com/AShinOfficial/status/607425274968313856,,AShinOfficial
http://twitter.com/Mayday_JP/status/608469508420972544,http://www.mayday.jp/news/,Mayday_JP
http://twitter.com/ashin945/status/608606307831054337,https://www.facebook.com/imayday555/videos/920572061342715/,ashin945
http://twitter.com/LeagueOfLegends/status/608697825363230720,http://riot.com/1B6MZdH,LeagueOfLegends
http://twitter.com/ashin945/status/608972737218908160,,ashin945
http://twitter.com/ashin945/status/609315966854377472,https://twitter.com/mayday_jp/status/609314406304911360,ashin945
http://twitter.com/Mayday_JP/status/610414130013405184,http://www.barks.jp/news/?id=1000116654,Mayday_JP
http://twitter.com/Mayday_JP/status/611016624867422210,,Mayday_JP
http://twitter.com/ashin945/status/611060680595083264,https://twitter.com/kkbox_jp/status/611035430134288385,ashin945
http://twitter.com/ashin945/status/611420581460770816,https://twitter.com/mayday_jp/status/611126617490898944,ashin945
http://twitter.com/Mayday_JP/status/611703703964266496,,Mayday_JP
http://twitter.com/AShinOfficial/status/611878442431197184,https://youtu.be/xy-BqLWpoQM,AShinOfficial
http://twitter.com/AShinOfficial/status/612087070794723328,,AShinOfficial
http://twitter.com/Mayday_JP/status/612640289379848192,http://m.mantan-web.jp/article/20150620dog00m200028000c.html,Mayday_JP
http://twitter.com/AShinOfficial/status/615002595547975680,https://youtu.be/6n8AitBL7xc,AShinOfficial
http://twitter.com/AShinOfficial/status/616654756535087104,https://youtu.be/3Q__2oA69PM,AShinOfficial
http://twitter.com/AShinOfficial/status/618809234113740800,https://youtu.be/45mI3RaNOow,AShinOfficial
http://twitter.com/AShinOfficial/status/619917659212111873,,AShinOfficial
http://twitter.com/Mayday_JP/status/620828878706085888,,Mayday_JP
http://twitter.com/AShinOfficial/status/622421405628411904,,AShinOfficial
http://twitter.com/AShinOfficial/status/622421526541787136,https://youtu.be/eZxkpvoJI2Q,AShinOfficial
http://twitter.com/Mayday_JP/status/622645522914869248,http://event.kkbox.com/mayday.jp,Mayday_JP
http://twitter.com/AShinOfficial/status/622820937042231296,,AShinOfficial
http://twitter.com/AShinOfficial/status/625327394337898498,,AShinOfficial
http://twitter.com/AShinOfficial/status/627650829994954752,https://www.facebook.com/somekidding,AShinOfficial
http://twitter.com/AShinOfficial/status/629936506572922880,,AShinOfficial
http://twitter.com/AShinOfficial/status/630025004973862912,https://youtu.be/X1w3JU5dIAg,AShinOfficial
http://twitter.com/AShinOfficial/status/631834242977107968,,AShinOfficial
http://twitter.com/Mayday_JP/status/632039680633012224,,Mayday_JP
http://twitter.com/ShowAyanocozey/status/632236999605272577,http://jp.istayreal.com,ShowAyanocozey
http://twitter.com/ashin945/status/632658765196587008,,ashin945
http://twitter.com/AShinOfficial/status/634377711444627456,https://youtu.be/IBT0_3QUy98,AShinOfficial
http://twitter.com/Mayday_JP/status/634923361877946368,http://www.mayday.jp/live/,Mayday_JP
http://twitter.com/ashin945/status/635447807034322944,http://www.facebook.com/imayday555/videos/920572061342715/,ashin945
http://twitter.com/ashin945/status/635546720655405056,https://www.youtube.com/watch?v=Fpb4HcUPlMM,ashin945
http://twitter.com/ashin945/status/637107128252039169,,ashin945
http://twitter.com/ashin945/status/637517436292497408,,ashin945
http://twitter.com/AShinOfficial/status/637559609494913024,,AShinOfficial
http://twitter.com/KKBOX_JP/status/637844932728782849,http://event.kkbox.com/mayday.jp,KKBOX_JP
http://twitter.com/ashin945/status/637855778741751808,https://www.facebook.com/ashin555/posts/936596469729371,ashin945
http://twitter.com/Mayday_JP/status/638253675819851776,http://natalie.mu/music/news/158548,Mayday_JP
http://twitter.com/Mayday_JP/status/638914886471282688,http://blog.taiwannews.jp/?p=27850,Mayday_JP
http://twitter.com/Mayday_JP/status/641440439128625152,http://www.barks.jp/news/?id=1000119532,Mayday_JP
¤Á³Î¸ê®Æ¥Î,,
gracienoir,13,100
monsterpine,8,100
hsinstar555,18,100
Elsashark,10,100
HuangJiuen,20,100
BestJimTW,8,85
c99a6d1a8ce645f,45,100
mandylovemayday,6,100
amigochiang,5,100
ChanJudy0111,50,100
elaine_lin66,6,70
exomin0201,9,100
mickey2371,73,96
tea_kmsk,0,14
axiang_ai_ashin,1,91
shihya1532,1,16
vivianlovedoggy,5,99
ChinHsiao,75,100
ningyonoteiou,3,98
KaruTran,0,95
