使用者,收藏網址,URL網址,tag
c99a6d1a8ce645f,http://twitter.com/tokodo_info/status/496239604966518784,http://tokodo.jp/playlist?sp=pl&pkey=85a156aa3f448d7c4709618c7106657c,
c99a6d1a8ce645f,http://twitter.com/TF_EXPO/status/499171141957591040,http://www.mayday.jp/news/,
c99a6d1a8ce645f,http://twitter.com/STAYREAL_Tokyo/status/611742735662321664,,
c99a6d1a8ce645f,http://twitter.com/STAYREAL_Tokyo/status/608829218399477760,https://twitter.com/kaorinbzlove/status/608815917573656578,
c99a6d1a8ce645f,http://twitter.com/ShowAyanocozey/status/630723282409385987,,
c99a6d1a8ce645f,http://twitter.com/Perfume_Staff/status/606401310389248001,,prfm
c99a6d1a8ce645f,http://twitter.com/mpmagicpower06/status/607666939985575938,,
c99a6d1a8ce645f,http://twitter.com/mpmagicpower06/status/606093820531339264,https://www.weezevent.com/taiwan-beats-paris,
c99a6d1a8ce645f,http://twitter.com/Mayday_JP/status/632039680633012224,,Mayday
c99a6d1a8ce645f,http://twitter.com/Mayday_JP/status/620828878706085888,,Mayday
c99a6d1a8ce645f,http://twitter.com/Mayday_JP/status/612640289379848192,http://m.mantan-web.jp/article/20150620dog00m200028000c.html,Mayday
c99a6d1a8ce645f,http://twitter.com/Mayday_JP/status/611703703964266496,,Mayday
c99a6d1a8ce645f,http://twitter.com/Mayday_JP/status/611126996513325056,,Mayday
c99a6d1a8ce645f,http://twitter.com/Mayday_JP/status/611126617490898944,http://www.kkbox.com/jp/ja/column/interviews-218-37-1.html,Mayday
c99a6d1a8ce645f,http://twitter.com/Mayday_JP/status/611016624867422210,,Mayday
c99a6d1a8ce645f,http://twitter.com/Mayday_JP/status/610414130013405184,http://www.barks.jp/news/?id=1000116654,Mayday
c99a6d1a8ce645f,http://twitter.com/Mayday_JP/status/609599413153980416,,Mayday
c99a6d1a8ce645f,http://twitter.com/Mayday_JP/status/609314406304911360,http://www.mayday.jp/news/,Mayday
c99a6d1a8ce645f,http://twitter.com/Mayday_JP/status/608605123917414400,https://www.facebook.com/imayday555/videos/920572061342715/,Mayday
c99a6d1a8ce645f,http://twitter.com/Mayday_JP/status/608469683075969024,http://www.mayday.jp/news/,Mayday
c99a6d1a8ce645f,http://twitter.com/Mayday_JP/status/608469508420972544,http://www.mayday.jp/news/,Mayday
c99a6d1a8ce645f,http://twitter.com/Mayday_JP/status/603774628218175488,,Mayday
c99a6d1a8ce645f,http://twitter.com/Mayday_JP/status/591805813733208064,http://www.mayday.jp/justrockit/,Mayda
c99a6d1a8ce645f,http://twitter.com/Mayday_JP/status/591805731373875200,http://www.mayday.jp/justrockit/,Mayday
c99a6d1a8ce645f,http://twitter.com/Mayday_JP/status/585762178936020992,,Mayday
c99a6d1a8ce645f,http://twitter.com/Mayday_JP/status/577568075916050432,,
c99a6d1a8ce645f,http://twitter.com/Mayday_JP/status/504870611533848576,http://www.bs-j.co.jp/jyakugi2/,Mayday
c99a6d1a8ce645f,http://twitter.com/Mayday_JP/status/500959000960065536,,Mayday
c99a6d1a8ce645f,http://twitter.com/Mayday_JP/status/500929218964754433,,
c99a6d1a8ce645f,http://twitter.com/Mayday_JP/status/500834289643057152,,
c99a6d1a8ce645f,http://twitter.com/Mayday_JP/status/500177930387853314,https://www.youtube.com/watch?v=P4qYWbZJpSo,
c99a6d1a8ce645f,http://twitter.com/Mayday_JP/status/500169709619134465,,
c99a6d1a8ce645f,http://twitter.com/Mayday_JP/status/500156128966094848,,
c99a6d1a8ce645f,http://twitter.com/Mayday_JP/status/499207003726557184,http://www.mayday.jp/news/,Mayday
c99a6d1a8ce645f,http://twitter.com/Mayday_JP/status/493615996452622336,,Mayday
c99a6d1a8ce645f,http://twitter.com/Mayday_JP/status/493614922027106307,http://www.ntv.co.jp/TFE/index.html,Mayday
c99a6d1a8ce645f,http://twitter.com/Mayday_JP/status/481346720542887936,,Mayday
c99a6d1a8ce645f,http://twitter.com/Mayday_JP/status/474119766857097217,,Mayday
c99a6d1a8ce645f,http://twitter.com/Mayday_JP/status/474119069143015424,,Mayday
c99a6d1a8ce645f,http://twitter.com/Mayday_JP/status/474067759974731777,http://realsound.jp/,
c99a6d1a8ce645f,http://twitter.com/Mayday_JP/status/474024737824190465,http://youtu.be/6V5uQEpyw08,Mayday
c99a6d1a8ce645f,http://twitter.com/Mayday_JP/status/473798162537148416,,Mayday
c99a6d1a8ce645f,http://twitter.com/Mayday_JP/status/473421884889894914,,Mayday
c99a6d1a8ce645f,http://twitter.com/Mayday_JP/status/473109453915422722,,Mayday
c99a6d1a8ce645f,http://twitter.com/Mayday_JP/status/472384535024263168,http://www.nhk.or.jp/fm-blog/1000/188961.html,
c99a6d1a8ce645f,http://twitter.com/Mayday_JP/status/472338093438029824,,Mayday
c99a6d1a8ce645f,http://twitter.com/Mayday_JP/status/471971062280769537,http://www.nhk.or.jp/fm-blog/1000/188961.html,mayday
c99a6d1a8ce645f,http://twitter.com/Mayday_JP/status/471937614962888704,http://okmusic.jp/ups/interviews/2072,Mayday
c99a6d1a8ce645f,http://twitter.com/Mayday_JP/status/471936675145187328,,Mayday
c99a6d1a8ce645f,http://twitter.com/Mayday_JP/status/471581443982766081,,Mayday
c99a6d1a8ce645f,http://twitter.com/Mayday_JP/status/471290961419436033,,Mayday
c99a6d1a8ce645f,http://twitter.com/Mayday_JP/status/468969029315858433,,Mayday
c99a6d1a8ce645f,http://twitter.com/Mayday_JP/status/468965601495756800,http://recochoku.jp/genreranking/j-rock/weekly/,
c99a6d1a8ce645f,http://twitter.com/Mayday_JP/status/468939058287501315,http://smarturl.it/mse7uf,
c99a6d1a8ce645f,http://twitter.com/Mayday_JP/status/468579734868066304,,Mayday
c99a6d1a8ce645f,http://twitter.com/Mayday_JP/status/466838954075893760,http://www.mayday.jp/sp/doyou/,
c99a6d1a8ce645f,http://twitter.com/Mayday_JP/status/466835895564242944,,Mayday
c99a6d1a8ce645f,http://twitter.com/Mayday_JP/status/466804926983593986,http://recochoku.com/a1/mayday20140514/,
c99a6d1a8ce645f,http://twitter.com/Mayday_JP/status/466393823833509889,http://recochoku.jp/?affiliate=4305010001,Mayday
c99a6d1a8ce645f,http://twitter.com/Mayday_JP/status/466226991566315520,http://youtu.be/UcKtBSlfpRU,
c99a6d1a8ce645f,http://twitter.com/Mayday_JP/status/466217988777975808,http://smarturl.it/e2yjta,MayDay
c99a6d1a8ce645f,http://twitter.com/Mayday_EN/status/608612942481768449,https://twitter.com/Mayday_JP/status/608605123917414400,Mayday
c99a6d1a8ce645f,http://twitter.com/KKBOX_JP/status/507510192406138882,http://www.kkbox.com/jp/ja/column/live_reviews-83-30-1.html,????
c99a6d1a8ce645f,http://twitter.com/jp_magicpower/status/632373205739507712,,MAGICPOWER
c99a6d1a8ce645f,http://twitter.com/jp_magicpower/status/625666534506000384,http://p.twipple.jp/Sonp1,MP魔幻力量
c99a6d1a8ce645f,http://twitter.com/jp_magicpower/status/625666049711538176,http://p.twipple.jp/VlOcE,MP魔幻力量
c99a6d1a8ce645f,http://twitter.com/jp_magicpower/status/625665656365518848,http://p.twipple.jp/Um9xT,MP魔幻力量
c99a6d1a8ce645f,http://twitter.com/JJ_Lin/status/616160401097654272,http://fb.me/7irPX5tzg,
c99a6d1a8ce645f,http://twitter.com/JJ_Lin/status/605948518080069632,http://fb.me/3pMCQXHbJ,
c99a6d1a8ce645f,http://twitter.com/FT__Island/status/483250451282796544,,HongGi
c99a6d1a8ce645f,http://twitter.com/focustaiwanjapa/status/605979144166309888,http://japan.cna.com.tw/news/aart/201506030006.aspx,
c99a6d1a8ce645f,http://twitter.com/flumpool_STAFF/status/606402168367644673,,flumpool
c99a6d1a8ce645f,http://twitter.com/flumpool_STAFF/status/606100946423148544,,flumpool
c99a6d1a8ce645f,http://twitter.com/FES_WOWOW/status/500869378955436034,http://bit.ly/1vWsMUO,????
c99a6d1a8ce645f,http://twitter.com/excite_music/status/489240992235532288,http://www.excite.co.jp/music/news/detail/E1405478405372.html,
c99a6d1a8ce645f,http://twitter.com/djgoogoo/status/608382748496142337,,
c99a6d1a8ce645f,http://twitter.com/djgoogoo/status/606095557036113921,,
c99a6d1a8ce645f,http://twitter.com/CosmosPeople/status/648089566868443136,,在香港也要烤肉
c99a6d1a8ce645f,http://twitter.com/CosmosPeople/status/609003493030912001,https://www.youtube.com/watch?v=uXEiWgnzSKU&feature=youtu.be,CosmosPeople
c99a6d1a8ce645f,http://twitter.com/BombHsueh/status/639830016423890944,http://www.epiphone.com/News/Features/2015/The-Epiphone-Interview-Monster.aspx,
c99a6d1a8ce645f,http://twitter.com/BinMUSIC_jpn/status/650218106208387072,https://twitter.com/WowNEWS_tw/status/650214842490572800,
c99a6d1a8ce645f,http://twitter.com/BinMUSIC_jpn/status/611745769985433600,http://youtu.be/AHeHF9Bz458,
c99a6d1a8ce645f,http://twitter.com/BinMUSIC_jpn/status/609576305382719488,https://youtu.be/GxHIGioBZ10,
c99a6d1a8ce645f,http://twitter.com/BinMUSIC_jpn/status/609209512705167360,https://youtu.be/ETq8WwWIjbo,
c99a6d1a8ce645f,http://twitter.com/BinMUSIC_jpn/status/608984182212022272,https://youtu.be/uXEiWgnzSKU,
c99a6d1a8ce645f,http://twitter.com/BinMUSIC_jpn/status/608232626604761088,https://youtu.be/q2dTqFQeJF8,????日
c99a6d1a8ce645f,http://twitter.com/BinMUSIC_jpn/status/608228710190219264,https://youtu.be/QQISa7Jyfu0,????日
c99a6d1a8ce645f,http://twitter.com/BinMUSIC_jpn/status/608227670959079424,https://youtu.be/0QTV0RAfHho,????日
c99a6d1a8ce645f,http://twitter.com/BinMUSIC_jpn/status/608226890931781632,https://youtu.be/wlxffEX8WNI,????日
c99a6d1a8ce645f,http://twitter.com/BinMUSIC_jpn/status/606381594807369728,http://amba.to/1FVtSCr,flumpool
c99a6d1a8ce645f,http://twitter.com/av911130/status/617512748046352385,,
c99a6d1a8ce645f,http://twitter.com/av911130/status/609381260134187009,,
c99a6d1a8ce645f,http://twitter.com/av911130/status/609352952239665154,,畢業不快樂
c99a6d1a8ce645f,http://twitter.com/av911130/status/606090255926587393,,
c99a6d1a8ce645f,http://twitter.com/AShinOfficial/status/657133585686773760,,
c99a6d1a8ce645f,http://twitter.com/AShinOfficial/status/656041097861267456,,
c99a6d1a8ce645f,http://twitter.com/AShinOfficial/status/654315225936621568,,
c99a6d1a8ce645f,http://twitter.com/AShinOfficial/status/648063510056861696,,
c99a6d1a8ce645f,http://twitter.com/AShinOfficial/status/645532303473512449,,
c99a6d1a8ce645f,http://twitter.com/AShinOfficial/status/643280042873647104,,
c99a6d1a8ce645f,http://twitter.com/AShinOfficial/status/637559609494913024,,
c99a6d1a8ce645f,http://twitter.com/AShinOfficial/status/634377711444627456,https://youtu.be/IBT0_3QUy98,突然好想你byLaLa
c99a6d1a8ce645f,http://twitter.com/AShinOfficial/status/631834242977107968,,
c99a6d1a8ce645f,http://twitter.com/AShinOfficial/status/630025004973862912,https://youtu.be/X1w3JU5dIAg,你是唯一
c99a6d1a8ce645f,http://twitter.com/AShinOfficial/status/629936506572922880,,
c99a6d1a8ce645f,http://twitter.com/AShinOfficial/status/627650829994954752,https://www.facebook.com/somekidding,女也
c99a6d1a8ce645f,http://twitter.com/AShinOfficial/status/625327394337898498,,
c99a6d1a8ce645f,http://twitter.com/AShinOfficial/status/622820937042231296,,
c99a6d1a8ce645f,http://twitter.com/AShinOfficial/status/622421526541787136,https://youtu.be/eZxkpvoJI2Q,女也
c99a6d1a8ce645f,http://twitter.com/AShinOfficial/status/622421405628411904,,
c99a6d1a8ce645f,http://twitter.com/AShinOfficial/status/619917659212111873,,
c99a6d1a8ce645f,http://twitter.com/AShinOfficial/status/618809234113740800,https://youtu.be/45mI3RaNOow,女也
c99a6d1a8ce645f,http://twitter.com/AShinOfficial/status/616654756535087104,https://youtu.be/3Q__2oA69PM,
c99a6d1a8ce645f,http://twitter.com/AShinOfficial/status/615002595547975680,https://youtu.be/6n8AitBL7xc,女也
c99a6d1a8ce645f,http://twitter.com/AShinOfficial/status/612087070794723328,,
c99a6d1a8ce645f,http://twitter.com/AShinOfficial/status/611878442431197184,https://youtu.be/xy-BqLWpoQM,
c99a6d1a8ce645f,http://twitter.com/AShinOfficial/status/607425274968313856,,
c99a6d1a8ce645f,http://twitter.com/AShinOfficial/status/607425239144792065,,
c99a6d1a8ce645f,http://twitter.com/AShinOfficial/status/606104648231960576,,
c99a6d1a8ce645f,http://twitter.com/AShinOfficial/status/606104608503496705,,
c99a6d1a8ce645f,http://twitter.com/AShinOfficial/status/595995291548954624,,
c99a6d1a8ce645f,http://twitter.com/AShinOfficial/status/589985903721861121,,
c99a6d1a8ce645f,http://twitter.com/AShinOfficial/status/589447021926297600,,
c99a6d1a8ce645f,http://twitter.com/AShinOfficial/status/579796531043119104,,
c99a6d1a8ce645f,http://twitter.com/AShinOfficial/status/578353062907006976,,
c99a6d1a8ce645f,http://twitter.com/AShinOfficial/status/575325645871280130,,
c99a6d1a8ce645f,http://twitter.com/AShinOfficial/status/574212624893657088,,
c99a6d1a8ce645f,http://twitter.com/AShinOfficial/status/572771165183201280,https://www.facebook.com/notes/%E7%9B%B8%E4%BF%A1%E9%9F%B3%E6%A8%82%E5%9C%8B%E9%9A%9B%E8%82%A1%E4%BB%BD%E6%9C%89%E9%99%90%E5%85%AC%E5%8F%B8/328-100-mayday%E4%BA%94%E6%9C%88%E5%A4%A9just-rock-it%E6%BC%94%E5%94%B1%E6%9C%83%E5%A4%A7%E8%A5%BF%E6%B4%8B%E5%9F%8E%E6%BF%B1%E6%B5%B7%E5%A4%A7%E9%81%93%E6%9C%83%E8%AD%B0%E4%B8%AD%E5%BF%83217-iemshowplace%E7%B6%B2%E7%AB%99%E9%96%80%E7%A5%A8%E9%96%8B%E8%B3%A3213-2100%E6%96%B0%E5%A2%9E%E6%BC%94%E5%94%B1%E6%9C%83%E7%A5%A8/1349282435134855,
c99a6d1a8ce645f,http://twitter.com/AShinOfficial/status/570077424852934656,,
c99a6d1a8ce645f,http://twitter.com/AShinOfficial/status/568938902104309761,,
c99a6d1a8ce645f,http://twitter.com/AShinOfficial/status/568728551328886784,,
c99a6d1a8ce645f,http://twitter.com/AShinOfficial/status/567986139035930624,,
c99a6d1a8ce645f,http://twitter.com/AShinOfficial/status/567701500156076033,http://youtu.be/nlvTrcdwDLw,
c99a6d1a8ce645f,http://twitter.com/AShinOfficial/status/567477245292199937,,
c99a6d1a8ce645f,http://twitter.com/AShinOfficial/status/566313759883268097,,
c99a6d1a8ce645f,http://twitter.com/AShinOfficial/status/565176522512662528,,
c99a6d1a8ce645f,http://twitter.com/AShinOfficial/status/560691397406113792,,
c99a6d1a8ce645f,http://twitter.com/AShinOfficial/status/554334445306531841,http://youtu.be/_XYcCNY-ass,
c99a6d1a8ce645f,http://twitter.com/AShinOfficial/status/550453918900031488,,
c99a6d1a8ce645f,http://twitter.com/AShinOfficial/status/549557688783224832,,
c99a6d1a8ce645f,http://twitter.com/AShinOfficial/status/548075290254012416,http://www.fb.com/ashin555,
c99a6d1a8ce645f,http://twitter.com/AShinOfficial/status/547068329634983936,,
c99a6d1a8ce645f,http://twitter.com/AShinOfficial/status/545236403592777728,http://youtu.be/tSiDpPu3Uhs,
c99a6d1a8ce645f,http://twitter.com/AShinOfficial/status/540761819707490304,http://youtu.be/RTUwaCImChM,
c99a6d1a8ce645f,http://twitter.com/AShinOfficial/status/540308357228163072,,
c99a6d1a8ce645f,http://twitter.com/AShinOfficial/status/539972635480698881,http://youtu.be/83I_5lq5MwI,
c99a6d1a8ce645f,http://twitter.com/AShinOfficial/status/538150063864680448,http://youtu.be/83I_5lq5MwI,
c99a6d1a8ce645f,http://twitter.com/AShinOfficial/status/535268188229877760,http://youtu.be/83I_5lq5MwI,
c99a6d1a8ce645f,http://twitter.com/AShinOfficial/status/534897922115006464,,
c99a6d1a8ce645f,http://twitter.com/AShinOfficial/status/530412234892001280,,
c99a6d1a8ce645f,http://twitter.com/AShinOfficial/status/529520838949621760,,
c99a6d1a8ce645f,http://twitter.com/AShinOfficial/status/522168837165182977,,
c99a6d1a8ce645f,http://twitter.com/AShinOfficial/status/516063964996722690,,
c99a6d1a8ce645f,http://twitter.com/AShinOfficial/status/510547606993248257,,
c99a6d1a8ce645f,http://twitter.com/AShinOfficial/status/508803236426289152,,
c99a6d1a8ce645f,http://twitter.com/AShinOfficial/status/508069324578238464,http://youtu.be/xz6dKOUlcB8,
c99a6d1a8ce645f,http://twitter.com/AShinOfficial/status/505410322501365763,http://goo.gl/9MZOX2,
c99a6d1a8ce645f,http://twitter.com/AShinOfficial/status/500660020912984065,http://goo.gl/6m6MoF,
c99a6d1a8ce645f,http://twitter.com/AShinOfficial/status/500659976575004674,,
c99a6d1a8ce645f,http://twitter.com/AShinOfficial/status/499972062367068160,,
c99a6d1a8ce645f,http://twitter.com/AShinOfficial/status/499971839540473856,,
c99a6d1a8ce645f,http://twitter.com/AShinOfficial/status/498524838974087168,http://youtu.be/SstOzs4y6Eg?hd=1,
c99a6d1a8ce645f,http://twitter.com/ashin945/status/635546720655405056,https://www.youtube.com/watch?v=Fpb4HcUPlMM,
c99a6d1a8ce645f,http://twitter.com/ashin945/status/635447807034322944,http://www.facebook.com/imayday555/videos/920572061342715/,
c99a6d1a8ce645f,http://twitter.com/ashin945/status/611420581460770816,https://twitter.com/mayday_jp/status/611126617490898944,
c99a6d1a8ce645f,http://twitter.com/ashin945/status/611060680595083264,https://twitter.com/kkbox_jp/status/611035430134288385,
c99a6d1a8ce645f,http://twitter.com/ashin945/status/609315966854377472,https://twitter.com/mayday_jp/status/609314406304911360,
c99a6d1a8ce645f,http://twitter.com/ashin945/status/608972737218908160,,
c99a6d1a8ce645f,http://twitter.com/ashin945/status/608606307831054337,https://www.facebook.com/imayday555/videos/920572061342715/,Mayday
c99a6d1a8ce645f,http://twitter.com/ashin945/status/510092782937993217,,
c99a6d1a8ce645f,http://twitter.com/ashin945/status/505391215085244418,https://www.youtube.com/watch?v=8NqcGRW7o6o,
c99a6d1a8ce645f,http://twitter.com/ashin945/status/503606992892473345,,
c99a6d1a8ce645f,http://twitter.com/ashin945/status/503603305986023424,,
c99a6d1a8ce645f,http://twitter.com/ashin945/status/503595504052490240,,
c99a6d1a8ce645f,http://twitter.com/ashin945/status/502488379074682880,,
c99a6d1a8ce645f,http://twitter.com/ashin945/status/502478640345407488,,
c99a6d1a8ce645f,http://twitter.com/ashin945/status/502474480967352320,,
c99a6d1a8ce645f,http://twitter.com/ashin945/status/500959107608616961,,
c99a6d1a8ce645f,http://twitter.com/ashin945/status/500336364001296385,https://www.youtube.com/watch?v=P4qYWbZJpSo,
c99a6d1a8ce645f,http://twitter.com/ashin945/status/500310310738096128,,
c99a6d1a8ce645f,http://twitter.com/ashin945/status/498863724266934272,,
c99a6d1a8ce645f,http://twitter.com/ashin945/status/497065802541961216,http://youtu.be/KC6mhHVlHFo?list=UUJisJg10zF_Kl1QV5gVOXFg,
c99a6d1a8ce645f,http://twitter.com/ashin945/status/496690975893250048,,
c99a6d1a8ce645f,http://twitter.com/ashin945/status/495617376839163904,http://www.ntv.co.jp/TFE/index.html,
c99a6d1a8ce645f,http://twitter.com/ashin945/status/494424709765664768,,
c99a6d1a8ce645f,http://twitter.com/ashin945/status/493790936309055488,https://www.youtube.com/watch?v=hEgc1mS0_Ms&feature=youtu.be&hd=1,
c99a6d1a8ce645f,http://twitter.com/ashin945/status/492711052006551552,,
c99a6d1a8ce645f,http://twitter.com/ashin945/status/491437509629333504,,
c99a6d1a8ce645f,http://twitter.com/ashin945/status/488408024881438721,,
c99a6d1a8ce645f,http://twitter.com/ashin945/status/488366214041710595,http://youtu.be/gyxCMs8MHjQ?hd=1,
c99a6d1a8ce645f,http://twitter.com/ashin945/status/487998825399730176,,
c99a6d1a8ce645f,http://twitter.com/ashin945/status/487607010599247872,https://www.youtube.com/watch?v=UcKtBSlfpRU,
c99a6d1a8ce645f,http://twitter.com/ashin945/status/486165796687593472,http://goo.gl/YS0dmM,
c99a6d1a8ce645f,http://twitter.com/ashin945/status/485452266430668800,,
c99a6d1a8ce645f,http://twitter.com/ashin945/status/484120554379567105,,
c99a6d1a8ce645f,http://twitter.com/ashin945/status/483986856422285312,http://www.facebook.com/photo.php?v=291734830847690,
c99a6d1a8ce645f,http://twitter.com/ashin945/status/483633476013273089,,
c99a6d1a8ce645f,http://twitter.com/ashin945/status/482561616362237952,https://www.youtube.com/watch?v=UcKtBSlfpRU,
c99a6d1a8ce645f,http://twitter.com/ashin945/status/481094719166894082,,
c99a6d1a8ce645f,http://twitter.com/ashin945/status/479676428716236802,,
