ㄏノ,Μ旅呼},URL呼},Tag
lugiya0630gmai1,http://twitter.com/SpeXial_Stars/status/628118720796229632,,
lugiya0630gmai1,http://twitter.com/smoshthemovie/status/624339513133760512,http://smoshthemovie.com,SMOSHTheMovie
lugiya0630gmai1,http://twitter.com/rileyxking/status/634390251880865792,,
lugiya0630gmai1,http://twitter.com/rileyxking/status/633995998600171520,,
lugiya0630gmai1,http://twitter.com/rileyxking/status/633509140011216896,,
lugiya0630gmai1,http://twitter.com/rileyxking/status/632711233842450432,,
lugiya0630gmai1,http://twitter.com/rileyxking/status/632687971699834880,,
lugiya0630gmai1,http://twitter.com/rileyxking/status/632516402138578945,,
lugiya0630gmai1,http://twitter.com/rileyxking/status/632481545018675200,,
lugiya0630gmai1,http://twitter.com/rileyxking/status/632471370170040320,https://instagram.com/p/6Zci2kyttf/,
lugiya0630gmai1,http://twitter.com/rileyxking/status/632410549049950209,,
lugiya0630gmai1,http://twitter.com/rileyxking/status/632224861788639232,,
lugiya0630gmai1,http://twitter.com/rileyxking/status/632224210123780097,,
lugiya0630gmai1,http://twitter.com/rileyxking/status/632178268276297728,,
lugiya0630gmai1,http://twitter.com/rileyxking/status/632105084541906944,https://instagram.com/p/6W1-isStnw/,
lugiya0630gmai1,http://twitter.com/rileyxking/status/631835841313112065,,
lugiya0630gmai1,http://twitter.com/rileyxking/status/631769980879663104,https://instagram.com/p/6Udltxytqm/,
lugiya0630gmai1,http://twitter.com/rileyxking/status/631461535886389248,,RA
lugiya0630gmai1,http://twitter.com/rileyxking/status/631391983613964288,http://tv.line.me/v/462336?n=c,LINETV
lugiya0630gmai1,http://twitter.com/rileyxking/status/631017810815160320,,
lugiya0630gmai1,http://twitter.com/rileyxking/status/630970398864113664,,
lugiya0630gmai1,http://twitter.com/rileyxking/status/630931296324206593,,
lugiya0630gmai1,http://twitter.com/rileyxking/status/630930432922513408,,
lugiya0630gmai1,http://twitter.com/rileyxking/status/630846882730786818,,
lugiya0630gmai1,http://twitter.com/rileyxking/status/630758160978939904,,
lugiya0630gmai1,http://twitter.com/rileyxking/status/630683003551883264,https://instagram.com/p/6MvSfzytoK/,
lugiya0630gmai1,http://twitter.com/rileyxking/status/630382106871336960,,
lugiya0630gmai1,http://twitter.com/rileyxking/status/630353810079137794,,
lugiya0630gmai1,http://twitter.com/rileyxking/status/630237109069197312,https://instagram.com/p/6JkhS5ytrs/,
lugiya0630gmai1,http://twitter.com/rileyxking/status/629966886722248704,https://instagram.com/p/6HpoySStm1/,
lugiya0630gmai1,http://twitter.com/rileyxking/status/629939337572958209,,
lugiya0630gmai1,http://twitter.com/rileyxking/status/629575687087779840,https://instagram.com/p/6E3vXZSthW/,LINETV
lugiya0630gmai1,http://twitter.com/rileyxking/status/629423551938887680,,
lugiya0630gmai1,http://twitter.com/rileyxking/status/629420798894149632,,
lugiya0630gmai1,http://twitter.com/rileyxking/status/629307215107600384,,
lugiya0630gmai1,http://twitter.com/rileyxking/status/629261733480263680,https://instagram.com/p/6Co-HJStvn/,
lugiya0630gmai1,http://twitter.com/rileyxking/status/629151280389206017,,
lugiya0630gmai1,http://twitter.com/rileyxking/status/629131763382657024,,
lugiya0630gmai1,http://twitter.com/rileyxking/status/628956724469207041,,
lugiya0630gmai1,http://twitter.com/rileyxking/status/628955395235540992,,
lugiya0630gmai1,http://twitter.com/rileyxking/status/628847146582806528,https://instagram.com/p/5_scCvStnF/,
lugiya0630gmai1,http://twitter.com/rileyxking/status/628802939130265601,,
lugiya0630gmai1,http://twitter.com/rileyxking/status/628621424446451712,,
lugiya0630gmai1,http://twitter.com/rileyxking/status/628491614084841472,https://instagram.com/p/59KwsrStqu/,
lugiya0630gmai1,http://twitter.com/rileyxking/status/628467223493906432,,
lugiya0630gmai1,http://twitter.com/rileyxking/status/628327788399992833,,
lugiya0630gmai1,http://twitter.com/rileyxking/status/628228283260243968,,
lugiya0630gmai1,http://twitter.com/rileyxking/status/628117310616768512,https://instagram.com/p/56gjA-StmX/,
lugiya0630gmai1,http://twitter.com/rileyxking/status/628040122609504256,,
lugiya0630gmai1,http://twitter.com/rileyxking/status/627890887113228288,,
lugiya0630gmai1,http://twitter.com/rileyxking/status/627889638871465984,,
lugiya0630gmai1,http://twitter.com/rileyxking/status/627887693507137536,,
lugiya0630gmai1,http://twitter.com/rileyxking/status/627860446616260608,,
lugiya0630gmai1,http://twitter.com/rileyxking/status/627859230893064194,,
lugiya0630gmai1,http://twitter.com/rileyxking/status/627784336184479744,,
lugiya0630gmai1,http://twitter.com/rileyxking/status/627727063953371136,https://instagram.com/p/53vFSDyto-/,
lugiya0630gmai1,http://twitter.com/rileyxking/status/627505275864379392,,
lugiya0630gmai1,http://twitter.com/rileyxking/status/627483415231598592,,
lugiya0630gmai1,http://twitter.com/rileyxking/status/627481277646532610,,
lugiya0630gmai1,http://twitter.com/rileyxking/status/627479030502068224,https://www.youtube.com/watch?v=EQQajFf6IYQ,
lugiya0630gmai1,http://twitter.com/rileyxking/status/627462867982249984,,
lugiya0630gmai1,http://twitter.com/rileyxking/status/627411143372337152,,
lugiya0630gmai1,http://twitter.com/rileyxking/status/627406934761701376,https://youtu.be/K20hDr6urtw,
lugiya0630gmai1,http://twitter.com/rileyxking/status/627152434444414977,,
lugiya0630gmai1,http://twitter.com/rileyxking/status/627059309407416320,,
lugiya0630gmai1,http://twitter.com/rileyxking/status/627058817516175360,,
lugiya0630gmai1,http://twitter.com/rileyxking/status/627040477066301441,,
lugiya0630gmai1,http://twitter.com/rileyxking/status/627039677980131328,,???
lugiya0630gmai1,http://twitter.com/rileyxking/status/627030957460074497,https://instagram.com/p/5yyh-8ytjs/,
lugiya0630gmai1,http://twitter.com/rileyxking/status/627025787162497024,,
lugiya0630gmai1,http://twitter.com/rileyxking/status/626777676905230336,,{N氦p磨没筏７|竟D
lugiya0630gmai1,http://twitter.com/rileyxking/status/626775455102713856,,{N氦p磨没筏７|竟D
lugiya0630gmai1,http://twitter.com/rileyxking/status/626774191216267264,,{N氦p磨没筏７|竟D
lugiya0630gmai1,http://twitter.com/rileyxking/status/626770046111494144,,{N氦p磨没筏７|竟D
lugiya0630gmai1,http://twitter.com/rileyxking/status/626768413709373440,,{N氦p磨没筏７|竟D
lugiya0630gmai1,http://twitter.com/rileyxking/status/626765847315415040,,{N氦p磨没筏７|竟D
lugiya0630gmai1,http://twitter.com/rileyxking/status/626764298337910784,,{N氦p磨没筏７|竟D
lugiya0630gmai1,http://twitter.com/rileyxking/status/626763575357378560,,{N氦p磨没筏７|竟D
lugiya0630gmai1,http://twitter.com/rileyxking/status/626747126991577088,,
lugiya0630gmai1,http://twitter.com/rileyxking/status/626740595294257152,,
lugiya0630gmai1,http://twitter.com/rileyxking/status/626703908161744898,,
lugiya0630gmai1,http://twitter.com/rileyxking/status/626700736638943232,https://instagram.com/p/5wcXTwStv6/,
lugiya0630gmai1,http://twitter.com/rileyxking/status/626593620641062912,,
lugiya0630gmai1,http://twitter.com/rileyxking/status/626354973782085633,,
lugiya0630gmai1,http://twitter.com/rileyxking/status/626328887320940544,,
lugiya0630gmai1,http://twitter.com/rileyxking/status/626319813967761408,https://instagram.com/p/5tvI-sStrK/,
lugiya0630gmai1,http://twitter.com/rileyxking/status/626300024863916036,,
lugiya0630gmai1,http://twitter.com/rileyxking/status/626296826925154304,,
lugiya0630gmai1,http://twitter.com/rileyxking/status/625658046618845184,,
lugiya0630gmai1,http://twitter.com/rileyxking/status/625649248403525632,,
lugiya0630gmai1,http://twitter.com/rileyxking/status/625644616902033408,,
lugiya0630gmai1,http://twitter.com/rileyxking/status/625644128806637569,,
lugiya0630gmai1,http://twitter.com/rileyxking/status/625643741081014272,,
lugiya0630gmai1,http://twitter.com/rileyxking/status/625638844776386560,,
lugiya0630gmai1,http://twitter.com/rileyxking/status/625598495962087424,https://instagram.com/p/5onH4Yyts5/,
lugiya0630gmai1,http://twitter.com/rileyxking/status/625569278859743234,http://www.youtube.com/watch?v=WjDe4uHuMeE&sns=tw,
lugiya0630gmai1,http://twitter.com/rileyxking/status/625283846280384512,,
lugiya0630gmai1,http://twitter.com/rileyxking/status/625262857505017856,,
lugiya0630gmai1,http://twitter.com/rileyxking/status/625256756768317440,https://instagram.com/p/5mLt6ySttF/,
lugiya0630gmai1,http://twitter.com/rileyxking/status/625202799593177088,,
lugiya0630gmai1,http://twitter.com/rileyxking/status/625166847680356352,https://instagram.com/p/5li1OMytjY/,
lugiya0630gmai1,http://twitter.com/rileyxking/status/625139169132580864,,
lugiya0630gmai1,http://twitter.com/rileyxking/status/624964893137960960,,
lugiya0630gmai1,http://twitter.com/rileyxking/status/624876841250258944,https://instagram.com/p/5je897ytqa/,
lugiya0630gmai1,http://twitter.com/rileyxking/status/624530319157403648,http://tv.line.me/spexiallife,
lugiya0630gmai1,http://twitter.com/rileyxking/status/624521255517974528,,
lugiya0630gmai1,http://twitter.com/rileyxking/status/624473176290951168,,
lugiya0630gmai1,http://twitter.com/rileyxking/status/624259134850924545,,{N氦p磨没筏７|竟D
lugiya0630gmai1,http://twitter.com/rileyxking/status/624257662000041984,,{N氦p磨没筏７|竟D
lugiya0630gmai1,http://twitter.com/rileyxking/status/624256602795708416,,{N氦p磨没筏７|竟D
lugiya0630gmai1,http://twitter.com/rileyxking/status/624253003009134592,,{N氦p磨没筏７|竟D
lugiya0630gmai1,http://twitter.com/rileyxking/status/624251556330733569,,{N氦p磨没筏７|竟D
lugiya0630gmai1,http://twitter.com/rileyxking/status/624249709788446720,,{N氦p磨没筏７|竟D
lugiya0630gmai1,http://twitter.com/rileyxking/status/624248169212174336,,{N氦p磨没筏７|竟D
lugiya0630gmai1,http://twitter.com/rileyxking/status/624246769430368256,,{N氦p磨没筏７|竟D
lugiya0630gmai1,http://twitter.com/rileyxking/status/624245752676487168,,{N氦p磨没筏７|竟D
lugiya0630gmai1,http://twitter.com/rileyxking/status/624244411669438464,,{N氦p磨没筏７|竟D
lugiya0630gmai1,http://twitter.com/rileyxking/status/624242966589083648,,{N氦p磨没筏７|竟D
lugiya0630gmai1,http://twitter.com/rileyxking/status/624241857464143872,,{N氦p磨没筏７|竟D
lugiya0630gmai1,http://twitter.com/rileyxking/status/624151734991101952,https://instagram.com/p/5eVNlxStvZ/,
lugiya0630gmai1,http://twitter.com/rileyxking/status/624106119699378176,,
lugiya0630gmai1,http://twitter.com/rileyxking/status/624097902600720386,,
lugiya0630gmai1,http://twitter.com/rileyxking/status/623885661066518528,,
lugiya0630gmai1,http://twitter.com/rileyxking/status/623784341554860032,,
lugiya0630gmai1,http://twitter.com/rileyxking/status/623783618133934080,,
lugiya0630gmai1,http://twitter.com/rileyxking/status/623782651992735744,,
lugiya0630gmai1,http://twitter.com/rileyxking/status/623780108323590144,,
lugiya0630gmai1,http://twitter.com/rileyxking/status/623778308447207424,https://instagram.com/p/5brZZrytpV/,
lugiya0630gmai1,http://twitter.com/rileyxking/status/623728484926386176,,
lugiya0630gmai1,http://twitter.com/rileyxking/status/623535688990896128,,
lugiya0630gmai1,http://twitter.com/rileyxking/status/623535428683968512,,
lugiya0630gmai1,http://twitter.com/rileyxking/status/623426443004014592,https://instagram.com/p/5ZLYoqStqK/,
lugiya0630gmai1,http://twitter.com/rileyxking/status/623416707445473282,,
lugiya0630gmai1,http://twitter.com/rileyxking/status/623140832883781632,,
lugiya0630gmai1,http://twitter.com/rileyxking/status/623130315389714433,,
lugiya0630gmai1,http://twitter.com/rileyxking/status/623129139063619584,,
lugiya0630gmai1,http://twitter.com/rileyxking/status/623074300665303040,,
lugiya0630gmai1,http://twitter.com/rileyxking/status/623062689892446209,http://youtu.be/WYczROv6xv0,
lugiya0630gmai1,http://twitter.com/rileyxking/status/622919498585104385,,
lugiya0630gmai1,http://twitter.com/rileyxking/status/622816772035473408,,
lugiya0630gmai1,http://twitter.com/rileyxking/status/622741506051321857,,
lugiya0630gmai1,http://twitter.com/rileyxking/status/622681850050408448,https://instagram.com/p/5T4yMHytrQ/,
lugiya0630gmai1,http://twitter.com/rileyxking/status/622316325453459458,,и酞亥D初
lugiya0630gmai1,http://twitter.com/rainiejq0518/status/623391215422017536,,
lugiya0630gmai1,http://twitter.com/nicole131496/status/627482076367826944,,
lugiya0630gmai1,http://twitter.com/nicole131496/status/624117231312465920,,
lugiya0630gmai1,http://twitter.com/LeongWengI20/status/623140404997681152,,
lugiya0630gmai1,http://twitter.com/JJ_Lin/status/631466872890916865,http://fb.me/7isFxTD3k,
lugiya0630gmai1,http://twitter.com/JJ_Lin/status/630930797147631616,,
lugiya0630gmai1,http://twitter.com/JJ_Lin/status/630418055580000256,http://fb.me/7IvhGKE3O,
lugiya0630gmai1,http://twitter.com/JJ_Lin/status/630418022575042564,https://instagram.com/p/6K2yfBKLVy/,
lugiya0630gmai1,http://twitter.com/JJ_Lin/status/630364517399154689,http://fb.me/2GD9WAIl7,
lugiya0630gmai1,http://twitter.com/JJ_Lin/status/630364480917110784,https://instagram.com/p/6KecOgKLfG/,
lugiya0630gmai1,http://twitter.com/JJ_Lin/status/630345689973813248,http://fb.me/2cdLrAZGC,
lugiya0630gmai1,http://twitter.com/JJ_Lin/status/629957754455760897,http://fb.me/3h9zB02lg,
lugiya0630gmai1,http://twitter.com/JJ_Lin/status/629647772577308672,,
lugiya0630gmai1,http://twitter.com/JJ_Lin/status/629249251005042688,http://fb.me/2QJOb3bzQ,
lugiya0630gmai1,http://twitter.com/JJ_Lin/status/629249225856012288,https://instagram.com/p/6CjSCAqLSJ/,
lugiya0630gmai1,http://twitter.com/JJ_Lin/status/629246595045937152,http://fb.me/6Tx0Ct6Wy,
lugiya0630gmai1,http://twitter.com/JJ_Lin/status/628577834601033728,http://fb.me/1YXjEexXl,
lugiya0630gmai1,http://twitter.com/JJ_Lin/status/628036727215669248,http://fb.me/3Ws5louZ6,
lugiya0630gmai1,http://twitter.com/JJ_Lin/status/628036713554792448,https://instagram.com/p/5575RdqLUV/,
lugiya0630gmai1,http://twitter.com/JJ_Lin/status/627865893004034048,https://instagram.com/p/54uNHrqLcU/,
lugiya0630gmai1,http://twitter.com/JJ_Lin/status/627797046016221184,http://fb.me/7u4bz2wrf,
lugiya0630gmai1,http://twitter.com/JJ_Lin/status/627797034314133504,https://instagram.com/p/54O5tIqLbE/,
lugiya0630gmai1,http://twitter.com/JJ_Lin/status/627499301783109632,http://www.jjlin.com/vip/staffdiarydetail.html?id=1516,
lugiya0630gmai1,http://twitter.com/JJ_Lin/status/627474850295205889,http://fb.me/DNxM0E69,
lugiya0630gmai1,http://twitter.com/JJ_Lin/status/627474840816107520,https://instagram.com/p/518YojKLf6/,
lugiya0630gmai1,http://twitter.com/JJ_Lin/status/626728358861238272,http://fb.me/7BLpKHR6G,
lugiya0630gmai1,http://twitter.com/JJ_Lin/status/626728349218537472,https://instagram.com/p/5wo63WqLVx/,
lugiya0630gmai1,http://twitter.com/JJ_Lin/status/626703318698602496,http://www.jjlin.com/news/list.html?cid=9&year=2015,
lugiya0630gmai1,http://twitter.com/JJ_Lin/status/625993323573026816,http://fb.me/3ottHAaho,
lugiya0630gmai1,http://twitter.com/JJ_Lin/status/625993318154022912,https://instagram.com/p/5raquQqLee/,
lugiya0630gmai1,http://twitter.com/JJ_Lin/status/625955908686848000,http://www.jjlin.com/live/index.html,
lugiya0630gmai1,http://twitter.com/JJ_Lin/status/625497703133413376,https://goo.gl/NicnHt,
lugiya0630gmai1,http://twitter.com/JJ_Lin/status/625364575655960576,,
lugiya0630gmai1,http://twitter.com/JJ_Lin/status/624906241047986176,http://fb.me/3Tlotw6xP,
lugiya0630gmai1,http://twitter.com/JJ_Lin/status/624906235050074112,https://instagram.com/p/5jsUbkKLbs/,
lugiya0630gmai1,http://twitter.com/JJ_Lin/status/624712613872705536,http://fb.me/3noCEgu9s,
lugiya0630gmai1,http://twitter.com/JJ_Lin/status/624712607715487745,https://instagram.com/p/5iURINqLR9/,
lugiya0630gmai1,http://twitter.com/JJ_Lin/status/624493743681441792,http://fb.me/7OBcnZy7X,
lugiya0630gmai1,http://twitter.com/JJ_Lin/status/624120871746207744,http://fb.me/41dnzX5jC,
lugiya0630gmai1,http://twitter.com/JJ_Lin/status/623779304355270656,http://fb.me/4mU3hMn7W,
lugiya0630gmai1,http://twitter.com/JJ_Lin/status/623535321481912320,http://fb.me/7pp8FGkMA,LZ瞒
lugiya0630gmai1,http://twitter.com/JJ_Lin/status/623477311917137920,,
lugiya0630gmai1,http://twitter.com/JJ_Lin/status/623450746416168960,http://fb.me/2aM1EVg0D,
lugiya0630gmai1,http://twitter.com/JJ_Lin/status/623450739915026432,https://instagram.com/p/5ZWb85KLUf/,
lugiya0630gmai1,http://twitter.com/JJ_Lin/status/623344466695442432,,
lugiya0630gmai1,http://twitter.com/JJ_Lin/status/623087671741648896,http://fb.me/7GARlDdoB,
lugiya0630gmai1,http://twitter.com/JJ_Lin/status/622745149664296960,,
lugiya0630gmai1,http://twitter.com/JJ_Lin/status/622737659111317505,http://fb.me/7yjFSa6TU,
lugiya0630gmai1,http://twitter.com/JJ_Lin/status/622455857851277312,https://instagram.com/p/5SSAUCqLXX/,
lugiya0630gmai1,http://twitter.com/jiyankai/status/633962602578714625,http://facebook.com/jiyankai/posts/1036171989729020:0,JR雳シ_
lugiya0630gmai1,http://twitter.com/jiyankai/status/629914481519394820,https://instagram.com/p/6HRzNuGK0k/,JR雳シ_
lugiya0630gmai1,http://twitter.com/jiyankai/status/625634055392993280,http://facebook.com/jiyankai/posts/1025192337493652,RWC贾
lugiya0630gmai1,http://twitter.com/hanchen0106/status/623130750427136000,,
lugiya0630gmai1,http://twitter.com/hahafish211019/status/632618211863719936,,
lugiya0630gmai1,http://twitter.com/f7b77d1bebf54d9/status/625260397273059328,,
lugiya0630gmai1,http://twitter.com/CharmaineKEY/status/627890042493497344,,
lugiya0630gmai1,http://twitter.com/awscloud/status/628701065328766976,https://cards.twitter.com/cards/13rc8b/siub,
