使用者,收藏網址,URL網址,Tag
mayday0426,http://twitter.com/wltn1120/status/653231898957737984,,
mayday0426,http://twitter.com/withMBC/status/653387130010402816,http://bit.ly/1PoNzrP,????
mayday0426,http://twitter.com/TOBMODERN/status/655625583112548352,http://cfile27.uf.tistory.com/image/261FC035562335A11CB1CF,???
mayday0426,http://twitter.com/THEeun1103/status/653239952709320704,,
mayday0426,http://twitter.com/showchampion1/status/656808893281005569,,
mayday0426,http://twitter.com/showchampion1/status/654204500194934784,,
mayday0426,http://twitter.com/showchampion1/status/654188131609018368,,
mayday0426,http://twitter.com/showchampion1/status/654159191980924928,,
mayday0426,http://twitter.com/showchampion1/status/654124311985307648,,
mayday0426,http://twitter.com/showchampion1/status/654119314669219841,,
mayday0426,http://twitter.com/SBSNOW/status/651744355724730369,https://goo.gl/rHxoO1,??_???????
mayday0426,http://twitter.com/SBSNOW/status/651278195157770240,,??_???????
mayday0426,http://twitter.com/SBSNOW/status/650896038144806912,https://amp.twimg.com/v/0efa6e24-e931-4e2e-9fa7-f726f9e6432f,??_???????
mayday0426,http://twitter.com/PenielShin/status/657130376712880128,https://instagram.com/p/9IqKWHB5Yf/,???
mayday0426,http://twitter.com/PenielShin/status/653227568653582336,https://instagram.com/p/8s7XrcB5Q1/,WayHome
mayday0426,http://twitter.com/PenielShin/status/653002778936242176,https://instagram.com/p/8rVJc7B5b_/,Japan
mayday0426,http://twitter.com/PenielShin/status/652293217623248896,https://youtu.be/Q0LEWsWRMcc,BTOB
mayday0426,http://twitter.com/ONLYOOK_com/status/651740640254885888,,??_???????
mayday0426,http://twitter.com/ohmy6_net/status/656161928503361536,http://imgur.com/x8hWGsD,???
mayday0426,http://twitter.com/ohmy6_net/status/651335954842587136,,???
mayday0426,http://twitter.com/OFFICIALBTOB/status/657536378536759296,,???
mayday0426,http://twitter.com/OFFICIALBTOB/status/657183457655717889,https://instagram.com/p/9JBLE4IBco/,?????
mayday0426,http://twitter.com/OFFICIALBTOB/status/657103961338417152,http://me2.do/FA7c4b3a,1?
mayday0426,http://twitter.com/OFFICIALBTOB/status/657080224148926464,http://cafe.daum.net/cube-btob/4kAc/212,??????
mayday0426,http://twitter.com/OFFICIALBTOB/status/657003565521596416,http://me2.do/FPMSQiWw,1?
mayday0426,http://twitter.com/OFFICIALBTOB/status/656979017178808320,http://me2.do/xHq1Umpr,???
mayday0426,http://twitter.com/OFFICIALBTOB/status/656978587451392000,http://me2.do/FlNTHVox,???
mayday0426,http://twitter.com/OFFICIALBTOB/status/656851463176458240,,????????
mayday0426,http://twitter.com/OFFICIALBTOB/status/656849132649185284,,
mayday0426,http://twitter.com/OFFICIALBTOB/status/656846402161524736,,
mayday0426,http://twitter.com/OFFICIALBTOB/status/656808023197810688,http://me2.do/xArDcdPi,???
mayday0426,http://twitter.com/OFFICIALBTOB/status/656806799874527232,,???
mayday0426,http://twitter.com/OFFICIALBTOB/status/656797898122768384,,BTOB1stWin
mayday0426,http://twitter.com/OFFICIALBTOB/status/656796912503230464,,BTOB1stWin
mayday0426,http://twitter.com/OFFICIALBTOB/status/656795342449549312,http://me2.do/5yLeJ13n,???
mayday0426,http://twitter.com/OFFICIALBTOB/status/656693606867058688,http://me2.do/xDinP0T3,??
mayday0426,http://twitter.com/OFFICIALBTOB/status/655915314887045120,http://me2.do/5yLe0O84,???
mayday0426,http://twitter.com/OFFICIALBTOB/status/655914104083779584,http://me2.do/5aNSx9zH,???
mayday0426,http://twitter.com/OFFICIALBTOB/status/655691580443987969,,???
mayday0426,http://twitter.com/OFFICIALBTOB/status/654954998992732160,,10??????
mayday0426,http://twitter.com/OFFICIALBTOB/status/654615467168927744,http://m.tvcast.naver.com/v/569288,BTOB
mayday0426,http://twitter.com/OFFICIALBTOB/status/654615162091995136,http://m.tvcast.naver.com/v/569277,BTOB
mayday0426,http://twitter.com/OFFICIALBTOB/status/654275603613351936,http://instagram.com/btob_i_mean,?????
mayday0426,http://twitter.com/OFFICIALBTOB/status/654139383998603264,http://www.melon.com/musicstory/inform.htm?mstorySeq=2905&startIndex=0,???
mayday0426,http://twitter.com/OFFICIALBTOB/status/653903147086147584,,
mayday0426,http://twitter.com/OFFICIALBTOB/status/653900737219465216,,???_???????_???_?_????
mayday0426,http://twitter.com/OFFICIALBTOB/status/653899751629283328,http://cafe.daum.net/cube-btob/4kAt/314,???
mayday0426,http://twitter.com/OFFICIALBTOB/status/653847721527275520,http://cafe.daum.net/cube-btob/4kAt/312,??????
mayday0426,http://twitter.com/OFFICIALBTOB/status/653779964282535936,,??????
mayday0426,http://twitter.com/OFFICIALBTOB/status/653743821415518208,,????
mayday0426,http://twitter.com/OFFICIALBTOB/status/653740912825135104,http://cafe.daum.net/cube-btob/4kAt/285,??????
mayday0426,http://twitter.com/OFFICIALBTOB/status/653463998264836097,http://me2.do/xIuphi1X,???
mayday0426,http://twitter.com/OFFICIALBTOB/status/653463184729247744,http://me2.do/GcgNjHbc,???
mayday0426,http://twitter.com/OFFICIALBTOB/status/653434295978033153,http://me2.do/FvC4ez83,???
mayday0426,http://twitter.com/OFFICIALBTOB/status/653411521339392000,,??????
mayday0426,http://twitter.com/OFFICIALBTOB/status/653354987976658944,,???
mayday0426,http://twitter.com/OFFICIALBTOB/status/653353970866327552,http://me2.do/FBdn1C0e,???
mayday0426,http://twitter.com/OFFICIALBTOB/status/653239634088988672,,???
mayday0426,http://twitter.com/OFFICIALBTOB/status/653233624481857537,https://instagram.com/p/8s9xrwIBZR/,?????
mayday0426,http://twitter.com/OFFICIALBTOB/status/653229822315884544,http://me2.do/xNkuWoPg,???
mayday0426,http://twitter.com/OFFICIALBTOB/status/653229290377469952,http://me2.do/GUKOzLN6,???
mayday0426,http://twitter.com/OFFICIALBTOB/status/653227851898949632,,??????
mayday0426,http://twitter.com/OFFICIALBTOB/status/653225429742960640,http://bit.ly/1ZrDEGs,??????
mayday0426,http://twitter.com/OFFICIALBTOB/status/653223552607326213,https://youtu.be/lr-MkPRHFms,BTOB
mayday0426,http://twitter.com/OFFICIALBTOB/status/653209090173235200,,???
mayday0426,http://twitter.com/OFFICIALBTOB/status/653180545854107648,http://bit.ly/1hxSnxn,??????
mayday0426,http://twitter.com/OFFICIALBTOB/status/653124612755066880,http://me2.do/G9q8ciRV,????
mayday0426,http://twitter.com/OFFICIALBTOB/status/653098460028100608,,BTOB
mayday0426,http://twitter.com/OFFICIALBTOB/status/653030245570707456,,????
mayday0426,http://twitter.com/OFFICIALBTOB/status/652861205485260800,https://youtu.be/VQ9LxdhCHLE,BTOB
mayday0426,http://twitter.com/OFFICIALBTOB/status/652748870456180737,http://me2.do/GrlUOFpL,???
mayday0426,http://twitter.com/OFFICIALBTOB/status/652666849692250116,,??????
mayday0426,http://twitter.com/OFFICIALBTOB/status/652666065059643392,http://me2.do/IDcHeCaU,???
mayday0426,http://twitter.com/OFFICIALBTOB/status/652649773330137088,,BTOB
mayday0426,http://twitter.com/OFFICIALBTOB/status/652394452028256257,http://me2.do/5YuxMjvQ,???
mayday0426,http://twitter.com/OFFICIALBTOB/status/652318463046782976,http://me2.do/xJ0SCVIV,?????
mayday0426,http://twitter.com/OFFICIALBTOB/status/652308549385650176,,???
mayday0426,http://twitter.com/OFFICIALBTOB/status/652301892907741184,https://twitter.com/dreaminghhck/status/652301475033407489,???????
mayday0426,http://twitter.com/OFFICIALBTOB/status/652301281319518208,,???
mayday0426,http://twitter.com/OFFICIALBTOB/status/652287403676188674,https://youtu.be/Q0LEWsWRMcc,BTOB
mayday0426,http://twitter.com/OFFICIALBTOB/status/651986697052291072,https://instagram.com/p/8kGY8CoBZZ/,?????
mayday0426,http://twitter.com/OFFICIALBTOB/status/651900439173074944,http://me2.do/x1itFks4,??
mayday0426,http://twitter.com/OFFICIALBTOB/status/651763984530456576,https://www.facebook.com/sbsnow/videos/1073308842680794/,??_???????
mayday0426,http://twitter.com/OFFICIALBTOB/status/651744533068185601,https://www.facebook.com/sbsnow/videos/1073097112701967/,??_???????
mayday0426,http://twitter.com/OFFICIALBTOB/status/651731259073302529,,
mayday0426,http://twitter.com/OFFICIALBTOB/status/651713121514471424,https://instagram.com/p/8iJUYJoBa2/,?????
mayday0426,http://twitter.com/OFFICIALBTOB/status/651638807247253504,http://cafe.daum.net/cube-btob/4kAc/210,???
mayday0426,http://twitter.com/OFFICIALBTOB/status/651570862915608576,http://me2.do/FvCssK0R,???
mayday0426,http://twitter.com/OFFICIALBTOB/status/651564316013948928,,BTOB
mayday0426,http://twitter.com/OFFICIALBTOB/status/651561212140916736,https://instagram.com/p/8hFQCeIBc3/,?????
mayday0426,http://twitter.com/OFFICIALBTOB/status/651277994833526784,,???
mayday0426,http://twitter.com/OFFICIALBTOB/status/651251297765625856,,??
mayday0426,http://twitter.com/OFFICIALBTOB/status/650986270999445505,,??_???????
mayday0426,http://twitter.com/OFFICIALBTOB/status/650839113914933248,,BTOB
mayday0426,http://twitter.com/OFFICIALBTOB/status/650838962601234432,,BTOB
mayday0426,http://twitter.com/OFFICIALBTOB/status/650838807793680385,,BTOB
mayday0426,http://twitter.com/OFFICIALBTOB/status/650838693435932673,,BTOB
mayday0426,http://twitter.com/OFFICIALBTOB/status/650835887039770624,https://instagram.com/p/8b7kkSoBZj/,BTOB
mayday0426,http://twitter.com/nojihoon/status/653563827649421312,https://instagram.com/p/8vUPkPlaCo/,???
mayday0426,http://twitter.com/MYB_0213/status/653770432122740736,,
mayday0426,http://twitter.com/MnetMcountdown/status/654489155125182464,,???
mayday0426,http://twitter.com/MnetMcountdown/status/654485944347693057,,??????
mayday0426,http://twitter.com/MnetMcountdown/status/654469929849098240,,??????
mayday0426,http://twitter.com/MnetMcountdown/status/654469754552348676,,??
mayday0426,http://twitter.com/MnetMcountdown/status/652024645969776641,,??????
mayday0426,http://twitter.com/Lucy6548/status/653239992387432448,,
mayday0426,http://twitter.com/LovingU_32/status/656158565275570176,,???
mayday0426,http://twitter.com/LovingU_32/status/652017087200624640,http://goo.gl/forms/XqbextL8V5,
mayday0426,http://twitter.com/lovely_6castle/status/653465077060759552,,??????
mayday0426,http://twitter.com/lovely_6castle/status/651744688630689792,,
mayday0426,http://twitter.com/lovely_6castle/status/651026650906292225,https://youtu.be/cXaEvIwdWrk,???
mayday0426,http://twitter.com/leehw4227/status/656409387813081088,https://youtu.be/lr-MkPRHFms,
mayday0426,http://twitter.com/LeeCS_BTOB/status/656824289136611332,https://instagram.com/p/9Ge-AUO_f8/,
mayday0426,http://twitter.com/LeeCS_BTOB/status/655377275492421632,https://instagram.com/p/88M8bou_YI/,
mayday0426,http://twitter.com/LeeCS_BTOB/status/653205201046781952,https://instagram.com/p/8sxMhTO_U3/,
mayday0426,http://twitter.com/KoreaStarDaily/status/656427456358821888,http://www.koreastardaily.com/tc/news/69746,利特
mayday0426,http://twitter.com/KoreaStarDaily/status/656394761142599681,http://www.koreastardaily.com/tc/news/69729,
mayday0426,http://twitter.com/KoreaStarDaily/status/656390933777244160,http://www.koreastardaily.com/tc/photo/69737,TWICE
mayday0426,http://twitter.com/KoreaStarDaily/status/656384677700222976,http://www.koreastardaily.com/tc/photo/69735,BTOB
mayday0426,http://twitter.com/KoreaStarDaily/status/654206568058064896,http://www.koreastardaily.com/tc/news/69460,她曾美麗
mayday0426,http://twitter.com/KoreaStarDaily/status/653425163812274176,http://www.koreastardaily.com/tc/news/69327,文瑾瑩
mayday0426,http://twitter.com/KoreaStarDaily/status/653407543583051776,http://www.koreastardaily.com/tc/news/69318,BTOB
mayday0426,http://twitter.com/KoreaStarDaily/status/651744108961140737,http://www.koreastardaily.com/tc/news/69199,朴敘俊
mayday0426,http://twitter.com/KoreaStarDaily/status/651591812247785472,http://www.koreastardaily.com/tc/photo/69155,朴信惠
mayday0426,http://twitter.com/KoreaStarDaily/status/650824273095864321,http://www.koreastardaily.com/tc/photo/69036,黃靜音
mayday0426,http://twitter.com/ju10042001/status/652304062168195072,,???
mayday0426,http://twitter.com/Imean_btob/status/655298532417499136,,
mayday0426,http://twitter.com/IBGDRGN/status/655687268443623424,,
mayday0426,http://twitter.com/hyj2442/status/653239305054240770,,
mayday0426,http://twitter.com/hsik0307/status/653226450552623105,,
mayday0426,http://twitter.com/hellojt_/status/653258783125188608,,
mayday0426,http://twitter.com/FLYTOB/status/656126250944036866,,??????
mayday0426,http://twitter.com/FLYTOB/status/656120218708635654,,??????
mayday0426,http://twitter.com/FLYTOB/status/651728527272710144,,??_???????
mayday0426,http://twitter.com/FLYTOB/status/651721027211259904,,??_???????
mayday0426,http://twitter.com/elisungjae/status/652304686423236608,,???
mayday0426,http://twitter.com/dalcom_mh/status/653228149136691201,,
mayday0426,http://twitter.com/cubeunited/status/656291694539739136,http://me2.do/xbhSb31n,???
mayday0426,http://twitter.com/charmant_ih/status/656100670328565761,,
mayday0426,http://twitter.com/BTS_twt/status/652368452892516353,,???????
mayday0426,http://twitter.com/BTS_twt/status/651753125905215488,,RMusic
mayday0426,http://twitter.com/BTS_twt/status/650645102646300673,,
mayday0426,http://twitter.com/btobsgsupport/status/655595946684755968,,
mayday0426,http://twitter.com/btobsgsupport/status/653900232715952128,,???
mayday0426,http://twitter.com/btobsgsupport/status/650724844321943553,http://i.imgur.com/Rlr7JkG.jpg,
mayday0426,http://twitter.com/btob2mh/status/657218804439580673,,
mayday0426,http://twitter.com/btob2mh/status/657130092393467905,,
mayday0426,http://twitter.com/btob2mh/status/656848606704504832,,
mayday0426,http://twitter.com/btob2mh/status/656848302663577600,,
mayday0426,http://twitter.com/btob2mh/status/656845839101394944,,
mayday0426,http://twitter.com/btob2mh/status/656811775162105857,,
mayday0426,http://twitter.com/btob2mh/status/655714034440777728,https://instagram.com/p/8-mFGnuNyo/,
mayday0426,http://twitter.com/btob2mh/status/655497392234496000,,
mayday0426,http://twitter.com/btob2mh/status/655099490525839360,,
mayday0426,http://twitter.com/btob2mh/status/655099279007023104,,
mayday0426,http://twitter.com/btob2mh/status/653258294891425792,,
mayday0426,http://twitter.com/btob2mh/status/653006531403759616,,
mayday0426,http://twitter.com/btob2mh/status/653005457020186624,,
mayday0426,http://twitter.com/btob2mh/status/652927516458401792,,
mayday0426,http://twitter.com/btob2mh/status/652145195077599238,https://instagram.com/p/8lPKH7ONwt/,????????????
mayday0426,http://twitter.com/btob2mh/status/651744416466534400,,
mayday0426,http://twitter.com/btob2mh/status/651360812834013184,,????
mayday0426,http://twitter.com/btob2mh/status/651354289726558208,,????
mayday0426,http://twitter.com/btob2mh/status/651348957046697984,https://instagram.com/p/8flEhNuN1e/,????
mayday0426,http://twitter.com/BTOB_SEKwang/status/656904531263926272,,
mayday0426,http://twitter.com/BTOB_SEKwang/status/655379491263385600,,
mayday0426,http://twitter.com/BTOB_SEKwang/status/654611490234761216,,
mayday0426,http://twitter.com/BTOB_SEKwang/status/654293200870375424,,
mayday0426,http://twitter.com/BTOB_SEKwang/status/654292711441174528,,
mayday0426,http://twitter.com/BTOB_SEKwang/status/653222323781177344,,
mayday0426,http://twitter.com/BTOB_SEKwang/status/651743710795816962,,
mayday0426,http://twitter.com/BTOB_SEKwang/status/651058772165574656,,
mayday0426,http://twitter.com/BTOB_SEKwang/status/650667761920708608,,
mayday0426,http://twitter.com/BTOB_JPN/status/655602098193588225,,btob
mayday0426,http://twitter.com/BTOB_JPN/status/653425426472177665,https://youtu.be/lr-MkPRHFms,BTOB
mayday0426,http://twitter.com/BTOB_JPN/status/652010165336563712,,btob
mayday0426,http://twitter.com/BTOB_IMHYUNSIK/status/657131058521993217,,
mayday0426,http://twitter.com/BTOB_IMHYUNSIK/status/656824249202544640,https://instagram.com/p/9Ge7nMNKi3/,
mayday0426,http://twitter.com/BTOB_IMHYUNSIK/status/651417010312642560,https://instagram.com/p/8gEBWPNKrc/,
mayday0426,http://twitter.com/BTOB_6SJ/status/656829108052103168,,
mayday0426,http://twitter.com/BTOB_6SJ/status/656714920067624961,,
mayday0426,http://twitter.com/BTOB_6SJ/status/656661905013100545,https://instagram.com/p/9FVHZ5lTwd/,
mayday0426,http://twitter.com/BTOB_6SJ/status/655899870184808448,https://instagram.com/p/8_6l7UlTwZ/,
mayday0426,http://twitter.com/BTOB_6SJ/status/655899731772768256,https://instagram.com/p/8_6h6mlTwU/,
mayday0426,http://twitter.com/BTOB_6SJ/status/655595339164942338,,
mayday0426,http://twitter.com/BTOB_6SJ/status/655595140157960192,https://instagram.com/p/89wBIelT5q/,
mayday0426,http://twitter.com/BTOB_6SJ/status/655363394573172737,,
mayday0426,http://twitter.com/BTOB_6SJ/status/655224910919237633,,
mayday0426,http://twitter.com/BTOB_6SJ/status/654928624102060032,https://instagram.com/p/85A68xFT-y/,
mayday0426,http://twitter.com/BTOB_6SJ/status/654672971798212608,https://instagram.com/p/83Mp-jlTyC/,
mayday0426,http://twitter.com/BTOB_6SJ/status/654229722407112704,,
mayday0426,http://twitter.com/BTOB_6SJ/status/653826340257333249,,
mayday0426,http://twitter.com/BTOB_6SJ/status/653509094859341824,,
mayday0426,http://twitter.com/BTOB_6SJ/status/652710810419003392,https://youtu.be/klGlo6hfsJI,
mayday0426,http://twitter.com/BTOB_6SJ/status/651056828436996096,,
mayday0426,http://twitter.com/arangsub/status/653214304477450240,,
mayday0426,http://twitter.com/4M_jiyoonitt/status/653227937085263872,,??????
mayday0426,http://twitter.com/226__52/status/655636234950184961,http://imgur.com/EsAV1me.jpg,???
mayday0426,http://twitter.com/1theK/status/656395627027304448,,???
mayday0426,http://twitter.com/1theK/status/651594271527563266,http://goo.gl/zXcBKd,ZIA
